name,customerID,address,email,phoneNumber,account,sortCode
Leslie Cunningham,b8a8669c-f99a-45e5-bbe1-589fc292366c,"09228 Deleon Passage Apt. 926 New Johnborough, AZ 35580",victor52@torres.com,793.898.7092x2000,00769944,80-10-27
Larry Dickson,b633a3f1-e76d-4a9f-9a21-4045211e7c7f,"58557 Patricia Crest Alexandraland, WY 73181",carol70@flores.net,290-715-2697,00329487,80-10-88
James Patrick,79206bcd-d215-4eec-962c-7aa90c915b08,Unit 2760 Box 8356 DPO AE 10367,jeffery28@chung-humphrey.com,001-883-770-9521x32518,00289395,80-10-38
Abigail Hansen,be418f9d-bc41-4b6c-b265-c7a9665e8727,"666 Long Mill Apt. 361 East Kimberlymouth, NY 51215",ronaldnewton@williams.info,2783039689,00679751,80-10-09
Martha Ortiz,8f14ddc8-54c9-4c55-89a7-a401af26bf5d,"356 Ashley Mount Apt. 663 East John, WI 47077",newmanrobert@hotmail.com,891.998.7914,00271409,80-10-43
Vanessa Sims,72e062fd-07fa-4154-a176-c8b9e4333aae,"017 Jose Mills New Amandatown, CO 98747",michaelforbes@hotmail.com,785-686-9013x04686,00392771,80-10-77
Patricia Cook,ca779a49-b69a-478a-a0e3-7a506f9a9db2,"74470 Joshua Mills Lake Maryside, NH 20739",hudsonricky@hotmail.com,966-178-2311x487,00468107,80-10-24
Chase Salas,78634630-7311-458a-8ba2-ae0fc49dfddb,"6961 Barajas Wall Apt. 580 Chadburgh, WI 99133",david10@morris-sims.com,455-951-9034x188,00213107,80-10-09
Dillon Krueger,c8b38f0c-ff29-4690-ab17-69a3ddaf1e47,"2510 Martin Forks East Laurenport, LA 89276",arnoldjoshua@freeman-oneill.com,6779079994,00640346,80-10-08
Jacob Wang,5386d3b9-6cbc-42f6-a93d-9f85e029fd68,"0485 Benson Light Suite 607 Brownville, DE 98829",skinneradam@becker.com,(158)419-0267,00276357,80-10-03
Jim Adams,13a52857-2f84-4992-a842-9b793c031086,"510 Brown Crossing Apt. 895 North Ryan, TN 38664",mbeard@yahoo.com,+1-424-366-6516,00348865,80-10-45
Mr. Christopher Ramos,2487f74e-c2c2-47b0-8142-d9d23334c68c,Unit 3342 Box 3395 DPO AP 13327,dakota17@yahoo.com,389-310-8946x817,00821525,80-10-70
Norma Nelson,93b9a4e1-1227-4271-9064-6c8c48ce6dad,"4482 Lauren Hill Apt. 891 Maryfurt, CA 84783",wattsjessica@hotmail.com,144.541.3919x8273,00147703,80-10-84
Mrs. Tiffany Stewart,8bd8602c-91a4-440c-b0a6-f6eadfd62cac,"6076 David Forks Heatherberg, DE 67637",adamsbryan@yahoo.com,001-016-886-8779x5303,00237005,80-10-17
Dustin Harrington,88b67ee2-cdaa-4d82-8fd2-5730e5747ff4,"52301 Schultz Spurs Davidfurt, NV 80418",fullerdenise@gmail.com,408.935.0281x060,00775548,80-10-60
James Parks,c33c0432-56f5-418f-a58f-363dcc557b01,"315 Hale Common Apt. 140 Port Jacob, IL 37343",david30@gmail.com,001-302-682-3078x7398,00289367,80-10-72
Robert Wallace,014657c7-399b-480b-9072-1af1e01ade8f,"17955 Powell Divide Apt. 500 Shaneton, GA 91850",bhuerta@young.com,004.571.4366,00911264,80-10-86
Lindsay Zuniga,fbc40e57-40ad-4a6b-b063-df45f7d68131,"666 Deborah Knolls Apt. 242 Port Vickieborough, IL 89103",sarah29@hotmail.com,+1-290-661-3564x6650,00496181,80-10-27
Curtis Decker,06897d5d-351d-403c-8966-f9f289ca8f15,"22060 Duffy Street Apt. 081 Robertland, NH 98028",ahull@gmail.com,745-815-5989x45459,00167834,80-10-53
Jennifer Sims,7472cdc1-c5ff-45b5-ab78-f33b93637fc4,"59671 Potter Stravenue Apt. 122 South Brittany, UT 16277",dhawkins@patterson-phillips.com,681.651.2960x1775,00113562,80-10-83
Amy Jones,20cc767b-5636-4681-9c4c-3034b9501d9f,"267 Richardson Plaza Suite 984 Huangfort, UT 70292",loveroger@hotmail.com,001-134-817-1742,00559505,80-10-14
Joel Smith,099d7467-6b6c-4213-a3e8-9d28fb2f11e7,"76058 Frank Ways Apt. 564 North Julie, MN 76265",herringthomas@gallagher.com,707-471-4461x247,00373963,80-10-89
Derek Fisher,26235ac3-1062-4556-8a45-3a5eacf221a0,"9469 Avery Unions East William, MT 60745",jason26@wilson.com,(460)833-9786x84763,00517685,80-10-97
Gregory Clark,78dc7d3b-3530-44bf-87bb-b4379a7f9b21,"34750 Dougherty Crossroad Lawsonton, LA 95392",mortonjoyce@gmail.com,117.805.3896x08687,00881167,80-10-23
Tracy Vaughn,3fcd5646-c256-4f50-94bb-be3bb37239ca,"41036 Elizabeth Estate Lake Susan, GA 84499",elizabeth93@glenn.com,080.368.4288,00174528,80-10-59
Rebecca Ballard,a110dc07-b86e-4ab5-b4ab-c1f4de599cf4,"3003 Taylor Forest Stonemouth, TN 28274",owade@gmail.com,+1-117-374-7688x06411,00621594,80-10-85
Daniel Franklin,091a4fd1-ded8-4b9b-9f1e-d75be20371ed,"388 Jennifer Trafficway Suite 105 Katherinehaven, GA 71007",pcollins@yahoo.com,809.527.4896x9714,00895006,80-10-63
Catherine Smith,5c0e589c-ee9b-4ff7-998b-55818222d6c6,"5270 Rogers Junction Apt. 721 Robertschester, PA 25052",tina34@anderson.com,7563270237,00825173,80-10-09
Jennifer Cole,3ee32133-3a6b-46eb-b08e-5846e054e7e0,USNV Johnson FPO AA 33089,mark77@hernandez.org,(754)749-1035,00221186,80-10-43
Joshua Mason,691f35b1-5afd-4bc7-94dc-dddc564e48b1,"752 Miranda Parks Wrightshire, ND 49701",pmitchell@mcdonald-spencer.biz,929-378-6651x1481,00365326,80-10-27
Bryan Singh,2dae063b-9def-4a39-a971-0e8143391c2c,"0345 Alyssa Inlet Lake Nicholaschester, AL 00736",micheal14@hotmail.com,001-498-869-0307x9953,00131437,80-10-82
Dwayne Bell,6ef34f7b-11d3-4990-b14e-8f2db693948b,"97278 Nicholson Creek Apt. 011 Port Ernest, WV 21887",ryan79@stewart.com,001-486-628-9776,00971692,80-10-99
Jason Johnson,5034fb82-a803-430c-b516-2ff371480ea3,"48041 Michael Trafficway New Joseph, NJ 50053",xmiller@hanson-king.com,834-548-9102,00930482,80-10-88
Tommy Stephenson,42807b2e-7233-4cb0-a9c3-5f1175b8a684,"0883 Donaldson Place Ortizburgh, TN 89599",glenda63@lee.com,591.377.5806x86484,00753842,80-10-03
Jennifer Mcdonald,5363275f-cf67-487f-b0ef-011f3df8135c,"PSC 4083, Box 6386 APO AP 21794",lucaslisa@hotmail.com,(892)592-6111,00458389,80-10-42
Lauren Taylor,9a5c9d8c-4eb1-42c6-911d-2721e57efb39,"212 Burnett Park Apt. 873 East Geoffreyville, TX 39080",randrade@gmail.com,040.170.9204x254,00561438,80-10-56
Michael Hopkins,f564bc94-f070-48ed-b386-937a5ceabee4,"7395 David Skyway Lorettaview, MO 40381",victoriarowe@melendez.com,484-145-9645x6498,00733285,80-10-55
Nicholas Oliver,57f1085b-4530-4570-bc97-aad0acbfcde5,"2974 Michele Groves Suite 297 Michaelaland, OK 07116",bullockcharles@hotmail.com,778.158.8253x30884,00825444,80-10-39
Earl Jordan,aefa4948-a10d-4fea-965f-96e2712f0c61,USCGC Stewart FPO AP 59431,joshua06@gmail.com,8025961181,00332039,80-10-28
Anthony Jimenez,60d5a1f8-6831-429e-a2b2-7d468170a947,"3126 Mullen Flat Hayeschester, MS 82764",andrew63@hotmail.com,577.343.9085x6213,00453415,80-10-27
Margaret Lee,08934e3c-976d-4ef5-8989-c5248f993af6,"60176 Derrick Burgs Suite 053 Lanetown, HI 81032",russellbryant@young.com,492.232.5550x4225,00720201,80-10-20
Mrs. Tracy Glenn,dbf236d4-efc6-4e9a-97ca-9096bc11da52,"80376 Jacqueline Cape Apt. 828 New Gailberg, DE 54957",stephanieschaefer@gmail.com,(704)879-2688x88913,00921065,80-10-18
Krista Reyes,2822bc1c-7f04-452c-945a-ad165be6fb7f,USNS Bell FPO AA 55479,dawn46@yahoo.com,(884)698-5473,00997613,80-10-55
Erin Jones,879a18da-aab2-48c3-a46d-b75aef70da4e,"488 Riley Squares Apt. 366 Port Dawnview, RI 27329",ptodd@krueger-hoover.com,383-731-4753x416,00520388,80-10-67
Maxwell Park,c7f92297-30c9-4423-880d-27b0ce097b5e,"155 Jacob Radial Laurenhaven, OK 72807",natasha72@gmail.com,+1-786-282-9119x779,00986248,80-10-68
Carla Rowe,17688d6a-9844-43ba-9156-b7927d4d32ef,"734 Tamara Drive East Matthewton, MI 17678",lindsay28@hotmail.com,403.336.6587x3713,00787212,80-10-45
Rebecca Hicks,d5cb73d3-49a7-4365-84bd-3e13b3723861,"PSC 1609, Box 6258 APO AA 04298",duncansergio@yahoo.com,082-438-4486x38582,00817903,80-10-52
Calvin Tapia,00715f5d-deb5-4e1a-b07a-8a3646a6bf96,Unit 6716 Box 7682 DPO AP 01518,bhull@jackson.org,(955)550-7613,00949784,80-10-75
Andrew Rogers,2e3da6a5-3284-4cf0-8d9f-371a71c032d8,"3897 Cruz Creek Suite 634 Loganton, GA 58117",randallsimmons@drake-perez.com,(149)075-1943x2765,00911971,80-10-64
Robert Pratt,cb89e21e-24ba-4424-b01c-7ee722b8ba4a,"PSC 8517, Box 7556 APO AE 14803",tneal@gmail.com,+1-925-602-2952x909,00483346,80-10-76
Lisa Parks,8bdbf8d3-dbdf-40db-bee7-8cf4c0d7bd38,"9005 Reynolds Ridges Sheltontown, MI 36800",kimberly90@gmail.com,(001)228-9154x925,00862132,80-10-69
Anthony Willis,8091687c-b140-4d52-b171-5cdc20b7c5b9,Unit 3103 Box 6919 DPO AP 56510,pjacobson@gmail.com,387.123.1418x9497,00462573,80-10-61
Monique Robinson PhD,21de61bb-cd7f-4aa8-89bd-8be7556cfafa,"42528 Mendez Wells South Dominic, WI 47302",colelauren@hotmail.com,(269)293-1291x7768,00375112,80-10-78
Amanda Butler,c3df2366-5551-4d76-a853-3b9373190cf4,"45225 Carl Overpass East David, FL 19194",derrickwashington@gmail.com,(515)378-0373,00733048,80-10-84
Peter Price,0871217f-812d-4576-af39-31aef31faed6,"0735 Emily Glen South Jesseside, CA 27886",greenejeremy@dickerson.com,930.093.5511,00577406,80-10-87
Jesse Harvey,4f1ffb8c-f41e-4027-a703-47c1dbd4b1db,"39481 Karen Lodge Lake Aliciafort, IL 22994",amanda93@baird-williams.org,276-916-4873x37967,00768783,80-10-02
Donald Bishop,73663126-8c6f-4bbc-991e-336506f2e4a3,"159 Hayes View Suite 146 Port Andrea, WV 64489",uscott@yahoo.com,(692)223-5264,00745406,80-10-32
Robert Flores,c222adac-86b4-4bde-8e80-4f14df283f2a,"2015 Chandler Club Apt. 070 Braunstad, KS 74963",aromero@gmail.com,+1-118-888-3421,00137419,80-10-23
Carla Harrison,1975c0f5-e34b-4537-9522-11e82a33d142,"525 Giles Radial Apt. 157 North Rhondaberg, CO 98550",burtonsamantha@brown.com,001-811-123-2269x98480,00590486,80-10-12
Dustin Wilson,76d7b2b6-066e-4d08-8246-961198de8ebe,"663 Griffith Brook Apt. 424 Mendozaburgh, OH 77002",kstone@brewer.com,037-766-0151,00612117,80-10-56
Taylor Stevens,32c05b54-db4d-48d0-997a-5675ecd21a64,"13381 Brandon Mission Lake Scott, NC 77949",donnaallen@gmail.com,(634)053-3096,00998778,80-10-29
Joseph Wilcox,e909a985-daf3-4682-9684-7775c6c573f6,"2258 Roberson Plain Port Nicolechester, MA 85982",bakerjoel@brennan-dunn.com,917-157-2420x40191,00390312,80-10-14
Raymond Long,2e2d9266-dc1a-47e0-a894-9421b2e1877d,"0954 Diana Springs Suite 774 Sanchezmouth, AK 84953",lindsayrodriguez@wade.com,993.199.0351x7530,00476002,80-10-02
Jenna Lopez,b9d1ca7b-57ad-4c0f-8634-b20872f6a44a,"16785 Pamela Light Apt. 161 Lake Pennyburgh, WI 65513",angela92@gmail.com,9256315806,00533503,80-10-82
Matthew Hunter,39949056-6f47-4a86-a7fe-d1f1055c49b2,"29130 Roberts Pass Patriciaville, MN 59828",chill@gmail.com,514.392.1403,00933068,80-10-66
Raymond Miller,cb2b9f23-377e-41f7-972a-39b1734047ac,"4416 Timothy Trail Bradleyfurt, NY 91460",hallbilly@oneal.info,291.315.9658x4494,00296545,80-10-23
Denise Torres,3f8eb13e-60b5-4701-a314-7f08ace3d254,"95146 Maldonado Valleys Suite 706 Greermouth, IL 04802",luisking@yahoo.com,+1-319-080-7506x454,00199702,80-10-80
Cody Cooper,5f610ba9-c692-4821-bc74-05d7ab69ddb3,"PSC 9031, Box 0942 APO AA 41965",linda20@brown.org,629-492-1471,00811731,80-10-34
Mr. Timothy Young DDS,171b4f13-87fe-47d4-940a-aa29183c6f1a,"13888 Nunez Springs Apt. 566 Floreschester, AL 02757",tknight@taylor.biz,878.465.1284x888,00845746,80-10-79
Kelly Bartlett,bdc25111-dd79-476c-82c4-c75d68f19e2b,"1246 Heath Shoals Apt. 401 East Charlesborough, MI 44758",taylorbetty@adams.biz,(595)351-1223,00698024,80-10-19
Peter Diaz,c4a4809e-b8c7-4a96-b70f-5aaecbf2ee4e,"6788 West Lock Port Chadfurt, OK 61815",qroach@rose.net,528-789-2687x2658,00698084,80-10-23
Michael Harrington,54ef3fd1-b898-4fa4-ae25-45da5bb7adcf,"27766 Stephen Hollow East Anna, NE 09738",christinajohnston@santos-evans.com,+1-148-087-9633x588,00192198,80-10-60
Mike Moore,a615524b-803f-4e2b-bf84-f600fd4a3578,"4998 Morales Key North Diana, NE 37924",hgarcia@yahoo.com,1684746809,00378882,80-10-56
Clayton Bennett,8131bc8b-e45f-4383-a5f3-6c1f2d71758b,"475 Fitzpatrick Springs Apt. 155 Jameschester, OK 76492",maldonadobrittany@yahoo.com,(138)859-9908,00588002,80-10-72
Nicole Marsh,db94cd2f-715a-456a-a7c0-bd772b085ec6,"492 Cory Harbor Jamiemouth, CO 97832",berrydarrell@barry.com,+1-648-055-4283x7948,00862268,80-10-57
Cole Alvarez,acddded6-582a-4f55-aee3-270052d2a0b1,"77761 Jones Expressway Lake Feliciahaven, LA 67262",john70@gmail.com,+1-470-853-8222x583,00650834,80-10-76
Matthew Martin,bb540328-e22c-46cf-aa0f-f7326bc42edb,"472 Hanson Drives Alyssaberg, OH 34496",dmerritt@young.net,(802)082-0439x790,00895836,80-10-28
Melinda Green,4e4a03cc-e27e-40d2-ae86-2ba14b57729f,"8152 Young Port Suite 774 Coleburgh, IA 74614",christopherramos@gmail.com,+1-079-634-4624x264,00185702,80-10-67
Darryl Blevins,109602c8-7a8b-450e-b1bd-d48de1ffd6de,"649 Cabrera Cliff Suite 888 South Stephenstad, HI 51538",tateshawn@fleming.com,001-637-492-1269x04098,00424677,80-10-18
Diane Jordan,cbfff571-595f-4fd0-aa1c-8885d7525928,"6903 Donald Trail Suite 337 Brandonmouth, WY 67447",brianpalmer@flores.com,973.340.4893,00849992,80-10-96
Bryan Thompson,f0da7260-d7ef-4b5a-824b-0622f1c065c9,"97270 Gary Courts Suite 845 West Jessica, GA 58249",lisa16@quinn-barr.biz,001-120-769-6024,00337207,80-10-56
Kayla Hart,89c53a09-0a1e-48b9-bea5-d75360e99918,"9053 Villanueva Fall Floresmouth, VT 09943",gjarvis@cooper.com,+1-080-880-0599x981,00473592,80-10-90
Natalie Bell,03ed8c2e-84e4-46dc-bed5-fbaf1d2327dc,"680 Diana Knolls Apt. 515 Dawnmouth, UT 80090",cranejacob@gmail.com,001-458-215-2442,00569795,80-10-43
Rachel Reyes,9683a48c-c707-4485-8fec-5dd2c937e56f,"52344 Corey Lights Joshuaside, IN 55668",potterbrandon@hotmail.com,(873)683-8465x9059,00662678,80-10-85
Nicholas Park,8ff17306-3074-4fd4-b864-5f3687ece12c,USCGC Chavez FPO AP 59151,shannon29@carroll-wyatt.com,884.273.1385x584,00627705,80-10-30
Alyssa Evans,c7882513-d351-483f-aeea-d93c3172b5c7,"67414 Kelly Throughway Ianview, ID 08493",teresa42@hotmail.com,(246)853-5580x89925,00228907,80-10-14
Joseph Mcdonald,a90d3e8c-f80e-4186-a694-edf9681d2b14,"43437 Mitchell Ranch Apt. 632 Kariland, AZ 64131",greenashley@johnson.com,001-031-323-7102x519,00784089,80-10-76
Christopher Miles,60aaa741-1583-45a1-81e7-e3d579e8cfba,"26545 Chen Roads Apt. 121 Joelborough, ME 09970",nobleolivia@gmail.com,(797)220-2060x1596,00729206,80-10-66
James Martinez,1e6b9add-5595-4fa5-9231-f65f8dd24425,"5473 Samantha Isle Stephanieborough, NC 95030",salinasjohn@webster.info,363.089.7027x25265,00861654,80-10-15
Gabriela Roth,91ed7379-7d61-41fa-a27c-ff19d711f5fb,"9382 Richard Groves Suite 335 Martinfurt, ID 74985",erica28@gonzalez-atkins.com,244.083.5288,00145743,80-10-62
Yvette Pace,a42bf0c9-af4b-460e-b0f3-227c30dec91b,"89826 Miller Loaf Mayoton, TX 74349",qwilkins@yahoo.com,(795)615-9026x02136,00285078,80-10-89
Brian Wilson,67928eae-4a41-402d-8e6a-0dfba1aa6ef3,"75022 Jeanne Ford Apt. 738 Port Adamhaven, RI 08465",wlevy@gmail.com,001-694-306-9085x531,00423368,80-10-85
Jose Smith,f95bc7a2-6fbc-4604-8bd9-2738ae642679,"82824 Megan Course Port Daniel, SC 06709",danamathis@miller-morales.com,+1-195-523-7219x561,00837603,80-10-71
Francis Mcgrath,db98a055-3843-428a-899f-19673eebc43a,"3870 Day Walk Suite 593 North Tonyaport, PA 13105",caldwelljeffrey@garcia.info,611-972-3352,00139421,80-10-06
Holly Ramos,6412af64-1eab-4799-853d-560420678aa5,"7499 Mullins Islands Apt. 215 New Timothy, HI 77876",joann07@campos.com,001-997-877-3003x1625,00638958,80-10-55
Barbara Kelly,13339ec1-9c96-451a-bca0-261fcd4ed35e,"593 Rhonda Curve West Caitlin, FL 34519",jacksonjessica@gmail.com,421.837.9792x52758,00998417,80-10-85
Kelsey Hogan,9d281eca-6722-4814-a1d0-ca072dd573a2,"889 Diana View Jessicatown, ND 43339",raymondmoore@mcdonald-berg.info,001-923-619-7047x80742,00280251,80-10-86
Antonio Mcmillan,72017861-52d8-4bb4-ac6c-75b2b7678c29,"1655 Charles Track Suite 546 Port Donaldburgh, CT 61129",williamspatrick@gmail.com,017-664-5595x79362,00470997,80-10-42
Christopher Santiago,ad127a63-fbbd-4a08-a0f6-a547285469a5,"8057 Alyssa Spring Apt. 443 Sandrashire, WV 28713",laurieleonard@yahoo.com,380-259-5358,00810182,80-10-93
Kristin Fleming,844e01cc-ba74-40ad-8c08-3a7b89805a54,"3627 Michael Fall Suite 733 Port Williamside, NY 59417",stephanietyler@andersen-maxwell.net,001-543-741-7988,00550788,80-10-51
Daniel Hernandez,a8f10e87-2f4c-499c-b1e8-2c1e658f3034,"64019 Campos Well Apt. 334 New David, WI 99547",deanna15@gray-king.com,001-778-618-4766x840,00732771,80-10-62
Greg Barron,ae56f56a-e2b2-4798-9b48-334a7836795e,"142 Christian Stream South Emmaside, OH 96055",mnichols@gmail.com,+1-548-713-6817x561,00975358,80-10-10
Vincent Lawrence,a89e691f-471c-4848-b884-858f5c1621d6,"5049 Harris Curve Thomastown, SC 10730",jillhicks@yahoo.com,2024562777,00265124,80-10-11
Roberto Johnson,85936267-37ae-43fc-b47e-6112a8f7d47e,"2697 Blake Mill Curtisside, MN 05009",farleytyrone@gmail.com,001-254-350-6041,00973934,80-10-02
Francisco Baldwin,3a5c99b3-1d17-48ad-9e92-b6f1aa64527e,"173 Wise Light Port Victoriaton, PA 60190",jeffrey35@neal-bell.org,(070)447-5372,00632463,80-10-21
Derek Krueger,ff63467a-9715-4b47-b822-3f96af626337,Unit 1932 Box 8578 DPO AE 04540,howardkeith@hotmail.com,5591362401,00159747,80-10-96
Christian Clark,3f020746-d5fd-4518-a291-55ec4b033f4e,"645 Linda Meadows New Lisa, AL 26875",davisjeffrey@gmail.com,(462)320-1262x226,00130569,80-10-71
Walter Rogers,a678ca03-a9dc-4fbd-aa25-60e8e4a1cdff,"6583 Rose Land Suite 503 East Lauraville, VT 17328",smallpatricia@hotmail.com,+1-674-596-0055x909,00916027,80-10-15
Tristan Mason,403d48ba-db38-47fd-92fe-360618a1db2d,"61915 Moore Shores Suite 444 Benjaminfurt, ND 37543",evanslaurie@gmail.com,946.696.2972,00293853,80-10-16
Lauren Carrillo,7e4c4751-fc6a-43f4-ab6a-1e93c18e2177,"267 Troy Estate Apt. 216 Sharonstad, IA 26239",eric46@greer-mckenzie.com,5759960802,00650991,80-10-22
Evelyn Woods,3f882088-f196-40db-a1f6-1bb1eac32f73,"914 Fisher Throughway Apt. 121 Port Christophermouth, WA 59600",longkelly@hotmail.com,0093336802,00239642,80-10-36
Kathy Harris,6ef18666-da57-4900-9cf0-7cc7f638becf,"42075 Thomas Plains Suite 672 Cowanstad, SD 64395",madisonjohnson@wall.biz,865-781-5818x420,00155066,80-10-83
Melissa Bond,53c0f25f-0546-409e-a82a-d84ee2df6eec,"6033 Evans Course East Heather, ID 51702",justinlee@hotmail.com,398-520-0842x3566,00870832,80-10-40
Adrian Schmitt,bcc7e761-bd69-4ec6-a833-1162771b2847,"1187 Eric Neck Curtisfurt, VT 05700",emily06@yahoo.com,(298)587-8156,00938424,80-10-99
Darius Morgan,985fa88e-d672-481e-9f0f-31bfd0f611b9,"4008 Timothy Port Suite 309 Grahamhaven, HI 35430",bjenkins@james.com,(530)591-9886x3891,00240438,80-10-39
Erin Gibson,700d94c9-e08c-4fde-9fbd-be974cd685b5,"92292 Hurley Shores South Alexander, WI 22613",bsmith@yahoo.com,307-646-5593x681,00172913,80-10-13
Alexandra Gill,5389ba2d-e26a-4a5d-97ce-ca1fb25dae6c,USCGC Bryan FPO AE 74055,alejandroestes@alvarez.org,+1-587-965-6614,00585028,80-10-00
Emily Barker,438674e8-2ef2-4c23-8e7d-3a33ca08a75c,"7832 Amanda View Kimberlyville, NY 31646",zacharyanderson@gonzalez.com,578-191-0643,00855909,80-10-67
Michael Ellis,11c0d8e1-811c-4865-ae93-0d9789defbab,"55548 Valentine Viaduct Suite 845 East Lindahaven, DE 99918",jenkinswendy@jones.com,(341)770-5780,00823213,80-10-46
Roy Jones,fabdad21-e63b-45d6-9b93-608c0c0fa0a3,"538 Roberts Courts Apt. 096 East Kimberlyfurt, NY 63115",matthewhernandez@gmail.com,169.308.6990,00857654,80-10-86
Rachel Jones,1679414e-61aa-4758-bd09-39bc80ecd1cc,"PSC 2632, Box 0289 APO AP 41705",robert19@gmail.com,001-821-937-3099,00474407,80-10-21
Mr. Martin Gomez Jr.,1b80ca1b-ac7f-4c51-b119-c75806d4ac01,"15046 Jose Station Coxburgh, MD 54845",derrick79@gaines-daniels.com,+1-382-426-8217,00623242,80-10-80
Kimberly Taylor,746a5187-94dc-44c5-a4b1-e18d98bc1adc,"566 Catherine Square Apt. 626 North Earl, OR 53847",ayu@hale.com,767.230.0297x87031,00824354,80-10-09
Briana Schultz DDS,c76449fb-e7fe-407e-aa05-cf62e5cceb87,"23570 Miller Flats Suite 531 South Christianhaven, OH 60833",ygreene@johnson-howard.com,+1-666-852-3025x571,00151225,80-10-51
Scott Lawson,ed8fb7bd-0f1e-492c-b2e4-75d9c7e02440,"4835 Carpenter Prairie Lake Rose, IA 30533",codydominguez@hotmail.com,(600)948-2894x134,00560204,80-10-78
Krista Kennedy,b84ef470-4ecc-462f-ab59-ffbc115b7927,"7568 Vega Passage Christopherburgh, WY 33256",whuff@patel-bailey.com,(774)347-1499,00339816,80-10-07
Kaitlyn Roberts,674ed012-a016-46f1-a8bc-bcc20fc326b4,"14028 Morgan Lane Perezchester, SD 32858",jenniferlang@hotmail.com,886-520-8400,00955801,80-10-41
Nathan Park,122c7e68-9d75-4ecb-a3d9-310e8b18cdc6,"454 James Views Suite 652 Maxwellmouth, HI 78996",andrewking@jefferson.com,634.409.8770,00580896,80-10-00
Diane Hoffman,8d00676c-637d-4b20-b242-67baa21296bb,"81682 Pierce Green Suite 140 Johnberg, OR 44836",jennifer97@hotmail.com,422.330.9993x57305,00462113,80-10-35
Nancy Shea,002149d0-b92b-45d0-928d-fe1d7dff415b,"6772 Watkins Prairie North Karenside, MI 94817",benjaminlarson@galvan.com,001-863-926-1949x5427,00369085,80-10-30
Steven Chase,1da07d1d-3bcb-499b-8d37-7c34ea886ad9,"227 Jessica Station Suite 548 New Heathertown, MD 93468",jose30@yahoo.com,001-180-818-9378x2823,00851002,80-10-21
Tammy Clark,8be67e8b-6b6e-412f-bf69-829cab4b34b5,"9133 Gonzalez Trail Suite 943 Jonathanberg, RI 72114",jennypoole@little.com,+1-251-625-9490x79352,00524894,80-10-42
Jennifer Gonzalez,648e6bc3-261b-43ad-b699-34259a6074f2,"21989 Daniel Parkways Apt. 809 Matthewfurt, ME 95868",frankeverett@gmail.com,491-347-2634,00487934,80-10-40
Bryan Welch,d86c2efb-a22c-4792-84f3-19e5248a9ee4,"30208 Meyer Flat Apt. 651 West Charles, OH 20418",dcampbell@zimmerman-thompson.net,(007)586-4991,00131117,80-10-29
Tracey Greene,0451a408-2483-4292-a316-91e95fcf5785,"57946 Stephen Prairie Danielleland, WY 83722",klyons@gmail.com,857.742.8956,00792239,80-10-88
Kevin Rowe,d47bd136-e5cd-41d1-84b8-1583115a4d82,"668 Webb Terrace South Richardhaven, WV 14497",qedwards@alexander-moran.biz,(167)669-9674x92339,00443399,80-10-07
Scott Velez,587e0d99-20cc-4f29-a5cd-e3bf0c8e8a97,"271 Johnson Village Jacksonstad, NY 95319",david83@hotmail.com,100-097-4731x923,00431448,80-10-34
Tracy Rojas,e05a34f8-8979-48f0-a554-6e1687b158f3,"394 Jonathan Falls Apt. 879 Port Yvonneville, OH 27340",vbuchanan@chavez-jones.com,+1-055-702-8601x095,00472392,80-10-37
Connie Johnson,32a1d06a-84a5-4551-9522-3622a63b2f5b,"431 Watson Fields Apt. 967 East Kevinchester, MA 05235",washingtonraymond@gmail.com,+1-816-359-4606x3255,00283745,80-10-61
Brian Anthony,c4a8523a-036d-4861-824d-4250440a1a97,"79217 David Island Angelaville, OH 30771",diazpaul@clark-raymond.net,(413)356-1174,00979299,80-10-57
Jessica Fletcher,c8aa5019-ec71-4275-a2b3-55aca355f04d,Unit 9842 Box 4550 DPO AE 41664,floresamanda@gmail.com,+1-338-421-5887x79951,00486506,80-10-41
Jonathan Smith,87be9ddc-208f-487c-b8be-eea3212f307e,"6810 Davis Highway South Vanessaport, MN 86436",cstewart@gmail.com,198.083.2591x5360,00465265,80-10-11
Madison Hays,5ac0e591-15fb-4312-9f4c-24b22c5f8985,"305 Herman Ridges Suite 095 South Nicolasfort, AZ 02743",stantondanielle@yahoo.com,1781502029,00310235,80-10-24
Jacqueline Bowman,067979d2-93c1-45b0-833d-05922e746e82,"36071 Kaitlyn Ford Port Chadview, CA 98399",josephjacobson@hill.com,(792)302-1086,00388469,80-10-10
Michael Crane,45a0c55d-41bc-478a-99fe-b410be23cd1c,"734 Russell Forges Suite 078 Markport, MN 92429",manuelwade@gmail.com,108-915-7841x320,00775162,80-10-15
Andrew Hensley,de73d8b2-8f97-4982-8c20-993333eb1543,"23396 Edwards Mission Suite 656 West Brianview, WA 02469",sbrown@leonard-hawkins.com,001-433-210-3545,00472176,80-10-05
Sarah Solis,992582f2-ba07-4004-8604-701939e29624,"28090 Regina Manor Fosterview, LA 17599",fpowell@marshall.biz,+1-694-850-7224x11306,00217836,80-10-57
Holly Carrillo,a8d43aa7-0404-4e2c-a210-812db6323ad8,"04530 Sherry Isle East Shane, OK 82853",johnbrooks@morgan.info,076.004.2537,00511705,80-10-40
Deanna Reed,ebac568b-02d6-45ce-99d5-4cc0ffd302cb,"1553 Tyrone Field South Ryan, AK 33004",elizabeth97@gmail.com,907-561-5816,00632851,80-10-36
Larry Baker,b1b6b55f-3438-464b-bb62-19a30852548e,Unit 0384 Box 3488 DPO AE 87480,jeffreycampos@avila.com,145.656.5389,00640012,80-10-35
Thomas Scott,0572ebff-1506-446b-b5d9-c295c0f8e43d,"2213 Franklin Wall Cruzfurt, CO 79229",jmcdonald@gardner.com,001-319-695-4000x409,00932362,80-10-53
Samuel Schmidt,5e719d46-cc0d-4bb7-8b15-c1ad02692622,Unit 5780 Box 0662 DPO AE 86424,melissa33@best.com,+1-714-895-5854,00917495,80-10-69
Karen Taylor,53705756-5d6e-45b8-91cb-5544253b4b76,"3235 Sanders Ford Port Douglas, CT 63709",robinsonbrittany@gmail.com,+1-413-423-7603x534,00960642,80-10-11
Ashley Robinson,320a8ac0-50c2-4da7-a74d-9ce36de099cb,USS Collins FPO AE 23131,ocrawford@carey.biz,7670702335,00952161,80-10-34
Ryan Evans,de5514f1-5a7b-4531-b681-6112c261cbd3,"15803 Jessica Corners Apt. 126 Cummingston, MT 38964",gary91@spencer-mckenzie.com,(829)507-4092x65597,00436534,80-10-65
Rhonda Smith,d8140e97-6a2e-4386-931d-75a2ea2f7d32,"PSC 7235, Box 7174 APO AA 50603",awatson@hotmail.com,8050878653,00382665,80-10-18
Connor Fox,ee10a43e-67c9-4a60-b156-e5644c881e3d,"4169 Brown Trafficway Collinsland, MD 22065",laurataylor@yahoo.com,+1-307-295-4784x0298,00358927,80-10-33
Sarah Saunders,b2542897-ca17-4cd5-b3b2-06e8d95b1c01,"9460 Koch Neck Apt. 064 Hillport, CT 22841",williamsphilip@hotmail.com,(852)786-6832x20088,00914818,80-10-16
Jason Dillon,d168d556-8e28-4575-b62c-c247a0b40257,"9754 Gutierrez Keys Port Jenniferburgh, WV 38327",brianmartinez@yahoo.com,001-126-542-0218x479,00435009,80-10-57
Jacob Walker,71d37e94-27a3-43eb-bb63-59b81c18d5e0,"07360 Ruiz Inlet Suite 820 East Williamfort, WA 97056",helen88@gmail.com,001-204-817-1129x40441,00661241,80-10-65
Daniel Patterson,41d4a008-0939-4f07-939f-b7f044b1d14d,"7941 Hardy Light Suite 148 Longtown, TX 84415",wilsoncharles@yahoo.com,010-333-8290x424,00139979,80-10-40
Brandon Harris,9d70d387-abb1-4465-b769-b3ee4156dbf2,"23604 Mays Loop Juliebury, TN 78735",dmoses@hardin.com,001-212-426-9875x09176,00718363,80-10-56
Jennifer Boyd,eb2b0353-0336-4b46-a1a6-fcf2f7d8362f,"764 Ryan Mills South Ian, CA 40731",sgreen@parsons.com,(310)076-5113x94717,00463506,80-10-19
Pamela Walker,f4a8fb59-69fb-4944-823f-36601ac75cb2,"888 Jasmine Valley Port Rachelmouth, CT 64354",wendy67@lowe.com,+1-138-462-4329,00195126,80-10-91
Mrs. Laura Mack DDS,630602b5-f198-464b-9d39-bcf1f0110aad,"28268 Roberts Mill Valentineland, OH 36878",virginiaelliott@brown.com,299-049-0838,00629094,80-10-29
Amanda Wood,3d5b3cb6-7790-424c-86d1-a9f5d1cb45a1,"38556 Timothy Lodge South Caroline, MS 05461",zmoran@yahoo.com,3948310344,00315638,80-10-05
Brian Chambers,8b4e5f05-ece9-407e-9cf4-45aca56c2435,USNS Ward FPO AA 00551,stewartjean@gmail.com,683-532-4250,00345214,80-10-59
Lisa Alexander,8cdf97f8-b9ae-47cc-9b12-f5027c6f0617,USNS Brown FPO AP 74423,kennethsmith@barber.net,(967)240-9406,00595055,80-10-48
Justin Rojas,03c2c524-e346-4a08-8d16-34586e79fa5d,"53196 Andrew Passage Suite 859 Nelsonport, DE 44120",devinlewis@yahoo.com,+1-211-059-2152x88623,00924595,80-10-58
Mary Taylor,0fc0ea70-9a08-4b71-b6d7-febab7661912,"92605 Jennifer Meadow Port Theresa, GA 21860",jacquelinenichols@yahoo.com,(830)685-4346x4409,00186635,80-10-12
Vicki Ayala,126e00a8-a310-45d3-8862-4c3c46c6527d,"7312 Buck Common Forbeston, WY 67574",khernandez@haynes.biz,317-526-7451x2796,00983755,80-10-75
Rhonda Hill,31540e9f-1a52-4943-b861-c6eb0cdbb9ab,USNS Smith FPO AA 27719,ambercook@yahoo.com,(160)631-3106x864,00245226,80-10-76
Amy Williams,d7c9d8c7-3ae6-4ef1-83db-f6ed24600266,"60690 Vicki Springs West Alexisbury, IA 41569",jason31@yang.org,949.693.9583x466,00221402,80-10-79
Brittany Miller,a94431a5-349e-4b9d-b1c7-b0f0172c1df9,"52952 Hicks Flat New Elizabeth, KS 34869",gmarquez@howard-clarke.com,(072)425-7338,00644466,80-10-01
Brittany Ryan,1f73a3e7-9ac8-4f06-9d8e-4dc34bd1ddfe,"96618 Flores Shore Clayberg, AL 89154",salinasrobin@young.biz,001-888-689-2972,00356547,80-10-05
Jonathan Campos,f77c5804-7bec-4a0b-a0e5-c69bfeac6644,"PSC 6298, Box 6330 APO AA 96306",hbrown@richards.info,100.892.2974x829,00792599,80-10-91
Casey Fox,a2703c6e-559f-43c7-9752-9700dc882742,"2908 Nguyen Points West Melissa, VA 14189",rileydonna@george-taylor.info,(350)916-0153,00360691,80-10-91
Dr. Karen Jones,67d7b189-03b6-4a40-b0e0-2fb0892bbddc,"74948 Burke Fords North Aliciaville, UT 02163",rubioderrick@hotmail.com,(808)382-9188x3140,00632015,80-10-46
Christine Wilkins,13176ab4-c8ae-4a01-8169-c86291e73b0b,"PSC 3288, Box 9296 APO AE 35789",shawn61@yahoo.com,481-974-3714x3256,00649599,80-10-95
Chad Anderson,8401dd0c-6990-4846-a3eb-5066bce61284,"0174 Arthur Heights West Debbie, MI 01817",wwood@yahoo.com,850-378-3864x9516,00481634,80-10-31
Danny Little,e89101db-89ab-4109-9531-3afda238562c,"49105 Zachary Turnpike Cristinashire, WV 38595",pamela06@gmail.com,575.202.6409x66140,00750347,80-10-73
Brian Conner,c56864b1-b595-47a5-b07d-2acf9fe0d687,"97623 Pamela Mountain Suite 341 Moodymouth, WY 16522",marthamorris@harrison.com,+1-985-497-9828x258,00363392,80-10-86
Mark Mason,f09420eb-6df7-4c01-a24b-dee1295d6dde,"70776 Wells Corner Lindachester, AR 63968",aramirez@harris-duke.com,001-250-032-0904x3291,00152928,80-10-48
Bobby Cortez,d0194024-3722-4dcc-98fe-f25419b6b467,"660 Brown Corner Apt. 555 Tylerhaven, NV 33610",kwood@sanchez-mullins.info,043-299-2591x6856,00830386,80-10-15
Michael Vaughan,3e388458-22a6-4153-a88b-99e75c0d7a2b,"9298 Perez Extension New Carrieton, IL 34459",harperjesse@hotmail.com,527-538-4120,00476532,80-10-39
Lisa Ramirez,21fd302d-16ca-40b5-b00a-b7c770d03053,"0192 Craig Valley Suite 290 South Melissa, TN 81429",hendersonelizabeth@yahoo.com,334-597-1303,00425909,80-10-91
Paul Martin,5ae61949-6b5a-46d0-82ec-caf8eeacffb6,"84293 Walls Tunnel West Jason, NY 45808",holtjason@kirk.com,+1-964-854-5358x9437,00759969,80-10-88
Shelia Spencer,3aa31a9c-45a7-4dac-aee8-e6d276845b03,"595 Bennett Ferry Suite 597 Holmesbury, SD 47095",privera@gmail.com,(846)229-5285x5190,00379222,80-10-52
Christine Myers,93bbf308-5a5f-4934-b77f-a896c343db1a,"1744 Lindsay Burgs Apt. 678 East Julie, NY 53860",mclayton@gmail.com,947.181.4002x14667,00694902,80-10-97
Justin Gonzalez,8185eced-978b-4741-b7a5-16975b6e6db0,"4099 Alyssa Centers New Laurenville, NY 81234",sdavis@fields.biz,9348547986,00461379,80-10-68
Joanne Russell,f8973b32-c05c-4100-abcc-42c5412f5a35,"3372 Kevin Walk Apt. 882 Lake Howard, TN 15560",ojackson@hotmail.com,+1-168-637-3949x668,00821294,80-10-90
Matthew Patton,2f609fb6-fc6d-4e34-86f9-95185d2d03d0,Unit 0182 Box 3101 DPO AP 98305,ricky13@griffin.org,(879)997-3037x5384,00546747,80-10-82
Katelyn Mcdonald,d69af3a6-8cf2-4a35-8be7-23d5091150e8,"3157 Thomas Center Apt. 352 East George, WV 31212",jennifer11@livingston.com,+1-417-114-3712,00940293,80-10-07
David Johnson,13a2220c-2b8a-4f87-806f-a68e8f0963c8,"12973 Samuel Center Apt. 753 North Patrickfort, AK 48745",norrisdavid@yahoo.com,+1-836-314-5346x583,00424476,80-10-99
Edward Perez,c20db87f-da0f-4a13-a9cb-49b76dc7f607,"24722 Williams Springs Hebertshire, IL 43814",michaeledwards@hotmail.com,(278)703-0286x8307,00752838,80-10-01
Melvin Jones,a1767e2e-e655-4170-a47b-0e5422faa830,"2053 Henderson Lane West Rachelburgh, NY 87711",xgibson@hotmail.com,(760)472-9186,00291692,80-10-72
Andrew Zamora,743a39be-d5d4-4d45-8509-c779951c818a,"793 Flores Crest Port Carl, GA 51956",npatton@davis-roach.com,(988)396-9880,00146862,80-10-10
Jill Whitney,fbc6ec97-0d93-4ee6-986c-3034562e89ca,"8287 Arthur Shoals Apt. 406 Port Aprilshire, DE 28503",pamela90@hotmail.com,410.725.4476,00273197,80-10-65
James Taylor,873fcbde-b718-4397-80bf-fb0ed55c04fb,Unit 4236 Box 0968 DPO AE 79978,martinezhenry@yahoo.com,010.612.7598,00118512,80-10-35
Julie Valdez,de4c6e55-cec9-4486-b48e-9671a3009815,"39536 Gina Corner Lake Stacy, CA 94733",bethanycooper@hotmail.com,122-851-8527x252,00132308,80-10-43
Andrew Martin,b1fd7bde-ba1c-4a0d-9b0e-8b821e6fab6e,"79735 Robles Circles Apt. 030 South Rebecca, PA 48947",loributler@maxwell.com,+1-189-014-4158x9366,00978351,80-10-47
Nicholas Reid,2f324407-9c56-46e1-975e-3883ab7b8863,"059 Jones Spur West Jefferyhaven, CO 94944",fshaw@melendez-marshall.com,001-917-418-8570x242,00636004,80-10-45
Tanya Watson,64a2c2f7-9d8c-4c01-84b3-1f3dd641edde,"504 Kathy Manor West Tanyamouth, NC 17273",randallhardin@smith.org,(472)938-8697x47157,00624016,80-10-08
Hannah Page,4fb4fde6-f658-435d-837e-bce40c62beff,"72015 Brown Drive Suite 337 North Kenneth, KS 87147",matthewwhite@hotmail.com,(464)589-6504x77572,00184017,80-10-21
Sean Horton,19111c15-a115-400c-be37-c9c5600b3c84,"1733 Zachary Oval Suite 853 Jillburgh, MO 07379",groberts@west.com,001-014-073-0942x0693,00985875,80-10-93
Lydia Noble,1106a7c3-8368-484d-b4e1-18fd08635a23,"806 Bass Circle Apt. 409 Williamsmouth, CA 22745",andrewblack@yahoo.com,(928)974-2974,00114154,80-10-44
Kathleen Pitts,89a3740e-2067-40c8-b1c5-28fa00b420ef,"3482 Smith Loop Apt. 144 Reginaldland, WA 61059",schmidtdavid@morrison.info,386-941-3925,00663817,80-10-00
Veronica Young DDS,e2d6689b-f4ad-44d1-be1a-32bcf2fd96f9,"PSC 4250, Box 4147 APO AP 39861",mgilbert@yahoo.com,589-807-1077x71428,00279063,80-10-68
Angel Leblanc,befdab51-ed4f-47f1-b48f-8e4ea53b5a93,"10256 Mary Street Taylorbury, LA 81885",miguel33@ross.com,125.074.6724x6627,00274305,80-10-41
Julia Harrison,5fd1ac79-3ef3-4520-936f-1ba5a85ede2d,"24447 Schroeder Motorway Lake Josetown, IN 49904",cervantesbrandon@gutierrez-ryan.com,001-343-132-6618,00349598,80-10-56
Mariah Peters,70cce72e-b091-4f93-97e6-d908e3f4677e,"486 Jill Dam Suite 856 Patrickview, MI 94016",icrawford@yahoo.com,174-772-9864,00955053,80-10-43
Michele Steele,d59c1c48-d92b-4169-941e-8e105c815606,"407 Heather Stravenue Apt. 504 Floresburgh, UT 21371",judyvillarreal@hotmail.com,001-135-879-8464x70855,00614389,80-10-13
Diana Garcia,269690b5-7dba-41d3-82fc-ae6765b34b98,"917 Jeffery Vista Apt. 422 Sarahchester, MD 88240",sierra12@sandoval.com,(073)458-3012,00192818,80-10-47
Amanda Miller,b7cf85ce-919b-477a-a02d-62295ba3c56d,"94566 Weber Inlet Apt. 469 Port Christinaport, WY 99542",christine11@gmail.com,323-240-6076,00464402,80-10-00
Holly Bond,e5e25444-452e-47e8-9a7c-dd56e11b4dab,"8859 James Vista Apt. 211 Payneside, DC 94603",combsedward@smith-powell.com,001-307-991-7626x948,00962983,80-10-22
Laura Allen,46447731-4847-4ac1-a0ca-e390f8f07064,"72006 Goodwin Mill South Robert, MT 50503",thomashernandez@suarez-hoffman.biz,(096)261-8205x95786,00385516,80-10-44
Raven Zhang,6e869c18-4439-4c04-8e5a-80aad6f8a793,"6537 Ewing Divide South Jill, AL 79378",smithdale@james.com,+1-125-964-8413x71797,00962498,80-10-28
Robert Cameron,11c728c4-d2d7-4f3e-944c-d6dda1647bc7,"521 Jared Branch Lesliefort, GA 50759",jeffreyhays@gmail.com,001-104-149-0065x0881,00660469,80-10-94
John Lopez,1792625f-408a-406e-9682-4429b8b027e3,"6811 Wilson Stream South Carlaland, MT 87699",along@perkins.net,519-943-8861,00513134,80-10-88
Jenny Fernandez,76324eb7-134c-4a81-acda-0a8317e6127c,"0772 Kelly Row Apt. 423 Robinborough, DC 26819",nicolepatrick@washington.com,(766)828-2529,00536004,80-10-55
Dalton Vincent,fe731c31-f5b3-490d-95e6-e0f5a4e68c8e,"43235 Christopher Islands Apt. 120 North Michaelside, NH 18489",mnelson@parks-hamilton.com,7426916160,00640468,80-10-90
Amanda Mccoy,bedbbd1d-5665-45d1-b44f-e7dc6a900621,"289 Holly Tunnel Suite 639 Coleport, NJ 84425",longalexis@jimenez.com,001-283-411-2914x37834,00851349,80-10-44
Jennifer Snow,3b865c37-c870-457c-96dc-ddc00da0f96d,"837 Gutierrez Fords Apt. 119 Jennaton, NC 22284",robert69@pierce-braun.com,+1-314-077-1268x420,00624598,80-10-54
Wayne Wilson,c55f4026-ed27-40ba-9f88-47bc0a1f5431,"PSC 5720, Box 3914 APO AE 96421",marissawolf@williams-friedman.com,6662724278,00823443,80-10-53
Kathleen Washington,f56d54cf-517e-41c7-912d-b3a1db5735c0,"2887 Wendy Mills Suite 255 South Marcusbury, CO 55469",fgraves@gmail.com,870.813.5685,00573969,80-10-90
Michael Franco,84b41641-a0d2-4ac8-8ae5-24a26582328d,"73192 Jonathan Extensions Riveraville, KY 63150",lindsey08@ramos-green.biz,407.532.0558x844,00752941,80-10-57
Dawn Gregory,5c2c273f-ab72-43cb-9fe9-08f232fcefa2,"9990 Smith Via Suite 176 North Lisamouth, IA 57439",jenniferjohnson@hotmail.com,229-109-3255x349,00738084,80-10-81
Lindsey Perry,ccacdf86-1e01-4a00-aca8-e981b9fe43e4,"353 Young Lake Linport, MI 88502",rushmatthew@yahoo.com,(236)349-4679x7601,00539351,80-10-17
Michael Hall,fd64612b-514d-4ab3-9fe1-be875c519fb0,"189 Tiffany Parkways Port Mark, MA 41902",kathryn41@parker.com,836.070.7650x90030,00419679,80-10-63
Joshua Baker,cef3e058-65ce-4006-b184-48956162ae43,"1219 Stephanie Passage Lake Michaelmouth, VT 04992",barajasscott@yahoo.com,001-076-923-1296x42642,00595815,80-10-54
Marissa Ward,b5d69f2c-9df6-494c-8201-fe77a8dcdeba,"758 Jeffery Green Kristinton, OH 04027",tbarber@thomas.com,001-028-280-0988,00768718,80-10-69
Suzanne Zamora,27178e9a-ce0e-487c-b2ea-6d3360e5c309,"201 Garner Hills Apt. 947 Port Victoria, WV 38726",amanda95@moore.com,801.943.1150,00918904,80-10-56
Danielle Bentley,01f54c6c-471a-4ee7-a11b-158a1670e4c6,"94297 Hannah Corners Suite 003 West Julie, DE 68045",ydavenport@yahoo.com,304.870.1564,00866099,80-10-42
Rodney Harper,b5852fbe-258a-4a3c-9c0d-ea80d5febbc7,"6203 Brooke Plaza Suite 883 Janiceview, DC 66094",haleyerik@martinez.com,001-025-774-3522x211,00555074,80-10-76
Jody Murray,15b2dd52-3708-482b-80d1-a44fc090b13e,"564 Lucero Alley Suite 118 Matthewberg, KS 18278",donald18@yahoo.com,(980)235-0953,00296086,80-10-72
Stephen Mcmahon,ad626c4f-3997-4987-bee0-1148c3a5a244,"699 Krueger Landing Davidhaven, ID 32800",chavezkeith@yahoo.com,928.500.5486,00871366,80-10-47
Marco Young,bf353596-6ebb-498f-9721-7f8d6f8c810a,"045 Martin Lodge Mckinneychester, HI 12668",megan10@cunningham-macdonald.net,+1-838-620-2724x402,00667356,80-10-66
Michael Davenport,05cb3f40-7790-4650-a06a-227d89d0b77b,"53606 Castillo Isle Apt. 243 East Alexander, TX 73814",rhonda57@yahoo.com,001-744-979-6717x091,00885793,80-10-18
Dana Cline,6390ea0d-3525-4ab1-9063-dfe3cd320ff7,Unit 3676 Box 9089 DPO AE 04476,barrymarvin@roy.org,504-873-9405x90915,00786101,80-10-85
Nicole Carter,f195f54d-be24-455e-b49e-ea0960b61039,"847 John Drive Shawnbury, IL 32675",sromero@howard.com,001-423-223-5271x85850,00424393,80-10-95
Cynthia Moore,eb628c46-5077-46cd-b5cd-4b80d96f2bb9,"PSC 0789, Box 2035 APO AE 66416",hallsean@norton-dawson.org,267-815-9081,00754155,80-10-30
Lori Small,c1205052-a562-4e43-abe2-37f43baabd91,"557 Padilla Mission Suite 348 Geraldside, UT 61092",jimmyflynn@chavez-mason.com,+1-220-044-7434x34282,00413561,80-10-73
Victoria Watson,c65af132-5949-4afd-9f19-40cac5ccb08c,"433 Scott Village Apt. 859 East Barbaraview, AZ 91023",christinaleon@hotmail.com,+1-594-415-8735,00929296,80-10-51
Sarah Alexander,8ad75a8d-c591-4dba-af6e-fc7750cd5d21,"23534 Richard Cape Suite 733 North Mark, VA 03333",nashandrea@gmail.com,001-569-745-9024x05413,00482174,80-10-96
Kayla Davis,b7674432-14b6-4bda-8269-9f0dfdbc0a26,"189 Kim Inlet Suite 788 North Tammy, MO 21471",hreid@yahoo.com,9213170058,00430825,80-10-86
James Fletcher,1592db5e-7878-416d-80f6-f92325a187f2,"0677 Rachel Terrace Port Stephanieport, FL 18570",jonathan01@gmail.com,001-605-413-0503x529,00757336,80-10-33
Tammy Taylor,bd6e40c3-6479-494d-814f-0365b261fe84,"97922 Jacqueline Green Suite 250 Sueton, NE 28802",franklinpeters@gomez.com,+1-798-188-6717x1554,00698626,80-10-71
Kathryn Klein,b3cfafde-63c9-483c-9e4b-c6c1cf0c1e9c,"1893 Allen Viaduct Parrishport, MT 19511",vgoodwin@gmail.com,+1-822-700-3047x331,00973868,80-10-94
Luis Sullivan,1b99f3eb-a375-4ceb-9db2-f275e42821f0,"44133 Pace Wall Suite 717 Clarkville, CO 49913",timothy70@yahoo.com,657-740-0191x0508,00640655,80-10-58
John Thornton,1b30668f-d723-4c23-99a3-711ee0d46e51,"92660 Olson Spurs Suite 734 Cameronport, MS 66119",rmorris@cortez.info,001-950-887-7847x165,00672281,80-10-83
Nicole Davis,d83bf531-1a5b-4c02-91a4-45baccf1ecce,"469 Weber Roads Apt. 538 Barrstad, CA 26442",brittany90@yahoo.com,001-864-035-8982x034,00415338,80-10-92
Janet Edwards,845dd6b1-a9c1-4748-bbf9-30b44a54752b,"747 Shannon Pass Mcneilfurt, WY 80371",stewartdavid@mitchell-thompson.com,8093474194,00694772,80-10-35
Jamie Rowe,539605fd-f052-4821-b19b-197ff452d46f,"1349 Zachary Ways Suite 557 North Mark, CA 71323",javila@clark.info,932.510.7398x0786,00535583,80-10-07
Richard Smith,530ad52b-8295-4da9-82e3-5b6c1db1900b,"41288 Robert Street Suite 605 Port Jennifer, NH 43752",hartdonald@yahoo.com,009-502-2991x99836,00466079,80-10-99
Christine Kim,30fd63e0-0c3b-43d3-aea1-1e08d9d4572b,"1022 John Common Zacharytown, UT 73335",elijahstewart@gamble.biz,001-887-521-7824x4139,00128333,80-10-61
Anthony Barber,db805a87-716f-462b-a440-2b2479ea63fc,"1828 Thomas Lights Apt. 429 Elizabethmouth, AK 80024",thomasjoseph@gmail.com,460.762.6317,00711424,80-10-77
Andrew Robbins,90e0424f-750d-42da-bcfc-4a1b0e6eda04,"157 Tina Hills Luisbury, KY 23384",bobbylucas@gmail.com,685.392.5128x9396,00947097,80-10-66
Rhonda Dominguez,40d0c152-2531-4aaa-9627-6a5d9d5909b2,"9467 Ronald Pass Suite 301 Kyleborough, NC 32632",olee@pope-baker.com,129.325.5719x0133,00280976,80-10-41
Dustin Jacobs,40536359-081b-4aaa-ae86-4751c0fe77f8,"PSC 4707, Box 0746 APO AA 81677",ichavez@hotmail.com,657.012.3064,00173307,80-10-50
Alexa Riddle,d907faaf-ff36-402b-b5e4-88d522a68d47,"407 Carl Parks Apt. 958 South Arthur, WA 38700",simontravis@barnes.com,064.890.5221x197,00287555,80-10-95
Ryan Cunningham,88ea3ee1-0eef-4d87-9db0-7c1bed559428,"519 Lewis Crest Suite 594 East Paul, MT 62943",jose79@hotmail.com,(707)097-8768x60388,00851379,80-10-95
Emily Pollard,34121bb5-97a9-4b84-8256-45e02bc04305,"15711 Ruiz Orchard Lake Yolanda, MD 00548",owoodward@gmail.com,(009)236-1438,00680917,80-10-48
Paul Austin,ab830e29-4b10-42d9-a4eb-ba153236b09f,"07009 Allison Junction Lake Tonyaburgh, TN 43241",jonmason@hotmail.com,(814)408-0688,00572716,80-10-44
Alexander Johnson,78d7b4bd-35eb-423f-8718-58895a301e2f,Unit 9643 Box 7603 DPO AP 37312,taylor32@chavez.biz,001-326-388-0890x205,00918649,80-10-71
Beverly Pierce,f5d35e19-f4f6-4fc8-9548-b689853a74bf,"6956 Jessica Hill Apt. 520 South Ann, MA 48979",brian19@gmail.com,720.649.3695,00742931,80-10-86
Rachel Young,780ee3b1-0925-4884-a0b9-b2991b0a2fe9,"85552 Mitchell Well Matthewton, ND 37166",jillian51@yahoo.com,(412)727-2563,00146533,80-10-46
Shannon Henderson,f185f298-94e4-40de-aae4-32f8f7bfce2f,"66756 James Harbor Suite 203 Denisestad, VT 43095",wzuniga@gamble.com,030.409.1405,00925104,80-10-62
Elizabeth Li,8f61d856-0aec-4778-b0e7-b96972c7fff1,USS Rangel FPO AA 51867,erintucker@gmail.com,+1-115-299-1904,00770715,80-10-92
Jason Wilson,c46acc63-6a61-40ea-ab64-a653b331ebfb,"9038 Carter Valleys Johnsonhaven, TX 71122",aking@jacobson.com,(075)010-6527x134,00881603,80-10-39
David King,17ecb018-8b0f-416e-b203-8ba0a4d9bbba,"PSC 5180, Box 8083 APO AE 40014",courtney03@guerrero.biz,001-239-398-3351,00844926,80-10-68
John Henson,6dae840e-c7b6-41f0-8176-0a77fff41697,"3016 Hunt Grove Sierraton, PA 79555",chernandez@davis.com,(588)432-2023,00151493,80-10-86
Tony Bowen,9d1e8178-b97b-4caf-8c72-0d29e069522f,"14231 Adams Shores Karenchester, AL 70655",mistycunningham@hotmail.com,(358)977-2179,00330418,80-10-00
Connie Garrison,11f61d52-32df-4ea3-89de-8686c3a32c15,"331 Smith Center Freemanton, LA 53692",thomasjustin@ward-ortega.net,+1-850-547-4312x642,00554849,80-10-82
Kristopher Mahoney,df71766a-a63c-4b2b-8f95-d7634eadf641,"6995 Mitchell Drives Nathanbury, TX 44214",dawnhebert@bennett-parker.biz,+1-677-393-1259x4787,00455912,80-10-82
Melissa Meyer,a1bace68-ac21-436f-b727-9e42549ab1e7,"240 Walker Points Apt. 831 Lake Traciborough, LA 92527",smithtravis@yahoo.com,001-861-087-9551,00721429,80-10-68
Sean Martinez,243e76dd-469a-49a7-932f-4f73ec227d9a,"55905 John Plains Apt. 556 Kirbyville, NY 12991",ybrown@hotmail.com,+1-396-762-2533x8401,00823284,80-10-60
Jessica Hardy,15be071a-f55b-4227-bcdb-3ae7ea6a0c3d,"PSC 1545, Box 8693 APO AE 15470",michael61@gmail.com,7764986431,00895963,80-10-03
Rhonda Simpson,e139acdf-5f3e-4e54-9a32-7afd95776a74,"0777 Daniel Path Port Terry, MD 85263",davisdeborah@hotmail.com,8150097705,00455597,80-10-11
Kristen Velasquez,ffa45c09-9fed-43b3-83c9-72bc122eedc2,"693 Owen Street Suite 471 Hallmouth, HI 85888",yzimmerman@gmail.com,(931)961-0997x56951,00583737,80-10-82
Jessica Johnson,0548a49b-eb31-4c09-ac10-f5abcc6ea027,"01458 Gary Point North Mark, AR 41529",anelson@gmail.com,(652)704-7416,00914383,80-10-21
Stephen Walker,edae7e35-d963-4df0-8d71-4919bbb7323e,"821 Renee Station Apt. 392 Hutchinsonville, LA 12414",meaganwaters@gmail.com,155-450-1252x5420,00640201,80-10-25
Heidi Williams,91b03898-a76d-4bf6-9bd9-ca0852777917,"340 Jonathan Walk Lake Troy, MS 78623",ijones@ryan.net,001-714-291-1938x5828,00485333,80-10-08
Janice Hardin,7d1e63e4-0d65-4b73-ba5c-f7d9bec74b74,"514 Haley Causeway Apt. 409 Port Andrea, VA 94535",brittany01@anderson.com,013-940-7172x794,00956281,80-10-17
Nancy Roberts,b4fe2cb2-37d4-4e85-b7b0-5bd95339d72b,"59629 Mcdonald Wall New Danielstad, NJ 30065",eschultz@duncan.net,+1-976-704-8975,00989568,80-10-50
Brittney Weaver,48240482-9437-4905-ab48-348967cc99bd,"804 Scott Grove Apt. 925 North Sabrina, CT 59310",elizabethmitchell@hotmail.com,+1-422-604-8935x2337,00531121,80-10-48
Elizabeth Walters,7890c390-734e-4550-ba3e-cb061a458873,"095 Blake Pike Lake Traci, MS 26176",marcussmith@wiggins.com,+1-324-467-6983x7348,00744494,80-10-98
Brian Smith,aa534ef4-c2ca-46d1-abc1-196002f85a5d,"762 Lindsey Light Suite 690 Walkerport, OK 41619",crystalcobb@ruiz.info,817.605.0513x06003,00734736,80-10-13
Kathleen Wallace,3bbb69ee-223e-4f16-b219-e252545492e1,"261 Walker Flat Johnbury, VA 77829",joseph30@smith-collins.biz,(968)259-6623x0357,00682431,80-10-74
Aaron Leach,59253dae-cec0-41f2-bf9d-e88dede863d8,"0010 David Isle Raystad, OK 65429",mitchelljeffrey@hotmail.com,230.903.0809x5827,00979394,80-10-91
Jasmine Ortiz,7c148930-5689-4bfa-a7a2-c9ac2742ba38,"6411 Moreno Summit Apt. 991 East Heather, MA 09189",gilbertjoseph@hotmail.com,603-606-3740x8341,00368135,80-10-16
Christina Williams,e83671d0-3cff-4fa4-9702-000d07d9e8f8,"845 Stephens Mountains Apt. 285 Nataliemouth, ME 97960",jmoore@miller.com,660.813.4746,00946558,80-10-19
Brittney Crawford,637b75d5-b571-48b7-bc87-4e9614268dc0,"6103 Rodney Row Suite 702 North Jeffrey, AZ 33717",ivasquez@hernandez-horton.com,434-476-0041x42524,00612237,80-10-54
Kevin Anderson,d017f0d3-9dca-46a5-b3e9-4da05e142aaa,USNV Wong FPO AP 11778,sleonard@matthews-webster.biz,349-696-9461,00154831,80-10-24
Kimberly Webb,3851e93e-03fc-42a6-8b9e-27616c92df98,"92828 Derek Court Apt. 121 North Davidhaven, OR 61721",brittany31@collins.com,090.717.2634,00343693,80-10-40
John Bush,7dfc400b-e8c1-4816-97e2-d226d267d293,"31697 Nicole Square Beardberg, KY 90936",jcox@rodriguez-grant.info,1825505264,00457517,80-10-64
Lisa Villa,5d3c90c3-450a-4948-ae88-7452ebae8c73,"PSC 0658, Box 6542 APO AE 15111",jennifervalencia@yahoo.com,676.859.4441x64592,00398802,80-10-51
Karen Davis,de364683-2c0d-43b0-8d5b-278f43579555,"PSC 1279, Box 7043 APO AP 55379",phyllistownsend@gmail.com,001-194-308-0804,00387471,80-10-73
Donald Krueger,52e8b617-bc72-4c8c-a2c8-2eb13e483b49,USS Rios FPO AA 97778,johnsonmonica@steele.com,(861)289-4456x5689,00532684,80-10-14
Julia Stevens,e42a7682-9d02-4834-9512-a1a7e36f5c5e,"50738 Adams Locks Port Jennifershire, VA 21020",whitneycopeland@torres-raymond.com,017-920-8061x63183,00175629,80-10-14
Adam Walls,f90863a7-ddfc-456b-a5f0-c9fcd658770d,"3916 Brandy Brook Apt. 162 Lake Faith, NC 51057",vbradshaw@rogers-adams.com,653.474.3903x54322,00655587,80-10-56
Andrew Phillips,83fe949f-b0d4-4102-945a-5fa74f28158f,"013 Kenneth Ridge Apt. 153 Gouldbury, KY 43740",jamesrosales@mckenzie.biz,(365)617-1134,00992751,80-10-11
Shane Jackson,cc2736a7-955d-4169-ba63-69b16c7df77f,"01542 David Track West Charlesmouth, AR 13490",bautistablake@gmail.com,(808)175-6679x353,00892117,80-10-92
Chad Bradley,7e0fbd95-4d2a-4c02-bcd6-52a14b57928f,"3844 Christy Lakes Lucerotown, NE 62862",chines@yahoo.com,667.937.3803x375,00284772,80-10-55
Karl Figueroa,3aa95c90-af6e-40ff-8c52-b423e2548147,"282 Williams Drives Catherinefurt, CT 99674",heidi52@gmail.com,+1-403-453-9261x68448,00764892,80-10-56
Joyce Mcdaniel,3dfaf9b9-2342-4126-8b59-f3f1d933eb9d,"36303 April Port Apt. 468 Michaelchester, LA 43106",joseph99@yahoo.com,284.696.3770,00565729,80-10-45
Mr. David Kennedy,e5b60e27-9f13-48c2-9d05-335218c27050,"42943 Jones Ford Suite 614 Emilyfurt, MS 20028",ericwhite@yahoo.com,001-611-201-8879x4937,00618805,80-10-60
Rodney Johnson,1b31b52c-29ac-496b-8c8f-9cdfa7d20743,"4332 Frost Pines Hayesfurt, WY 13965",kristina70@anderson-watson.com,6832839018,00729343,80-10-21
Jose Turner,96554c9c-8e7c-4c59-8264-57bdfee66630,"72499 Gonzales Passage Hodgesburgh, IA 49510",corey01@gmail.com,183.781.9586x591,00987949,80-10-58
Caleb Scott,40df57f3-a01d-490d-af6c-7c970410d2dc,"977 Lydia Haven Port Paulstad, FL 07512",moyerkelsey@yahoo.com,4109664131,00335767,80-10-99
Chris Pearson,1c985123-dc7e-41ec-b523-6edc05d91a24,"8320 Kelly Drives Wendyhaven, MN 57302",roberto90@yahoo.com,+1-269-352-1086,00745152,80-10-74
Jonathan Ramirez,fdf25539-928c-4ebb-8266-4b4f956484b4,"06586 Kendra Greens Port William, FL 94582",wlopez@hotmail.com,+1-081-088-5695,00881546,80-10-44
Logan Wilson,417bef2a-9659-477e-9299-cc8f63202cd8,"PSC 3668, Box 2157 APO AP 17258",osilva@smith-hunt.info,811.894.7467,00262884,80-10-02
Samantha Dixon,abd6cd3f-1919-4a3f-928d-6e4c00cbfe29,"755 Jeffrey Spurs Sarahtown, CA 58984",kleinjohn@hotmail.com,9714140125,00471703,80-10-64
Andrew Cox,a95219bf-f433-4ccf-9600-50023daa3d04,"7879 Thornton Springs Suite 970 South Rita, ID 77003",michaelhamilton@gmail.com,(746)356-4883,00235735,80-10-15
Paula Delgado,ea7fb0ac-aaf6-42ee-a62a-c3075434cda6,"79341 Richard Wells Apt. 980 Thompsonberg, MT 97771",danielssamantha@gmail.com,(257)236-7329x859,00925476,80-10-07
Greg Anderson DDS,32470a48-f2f8-4f7d-8fae-67f4bf35cb6d,"0699 Jill Mountain Apt. 068 North Brandibury, OR 43307",mendozaeduardo@gmail.com,982.434.0932x998,00886826,80-10-71
Joshua Adams,4ed176ce-8261-414f-9b2a-1c7bf105d6a9,"5233 Lewis Prairie New Misty, KS 42645",karen34@gmail.com,7094880688,00965919,80-10-57
Eric Coleman,94006ea7-8793-45a9-9cde-79afb7223afe,"9533 Morris Circles North Jeremiahfurt, WY 54531",tinahenderson@duran.com,(552)263-7066x4233,00983282,80-10-88
Tanya Horton,608b1cc6-ad0a-4c9d-839d-6e3ca1019c17,"89632 Wright Cape Josephport, AZ 94753",cheryl69@yahoo.com,+1-277-429-2389x87019,00346235,80-10-56
Claudia Sawyer,c55a0ad4-4701-459d-9d66-d71d2e44ec80,"087 Wang Roads Suite 762 Turnerfurt, AL 23728",velasquezralph@huffman.info,(086)899-9035x96214,00940927,80-10-44
Christina Green,32b4d4f0-2832-4c64-9b94-402e837bac04,"65610 Edward Ford West Katherineview, VT 10917",lawsonfrancis@gonzalez-miller.com,346.472.0485x67918,00419726,80-10-76
Chad Grant,2606900a-f624-48de-8ff4-84412891e77c,"06202 Cox Points New Danielville, HI 78861",uhamilton@hotmail.com,+1-228-903-2295x2240,00255639,80-10-41
Jennifer Thomas,cf7039a8-a49a-4b98-a34b-2b6cb4d3d334,"570 Kristen Brook North Travisborough, DE 41872",pmason@gmail.com,143-240-1403x475,00782518,80-10-61
Natalie Page,9709fa9d-79d7-4fbe-ab6a-b75028569d46,"404 Stephen Motorway Port Carl, KS 79189",nicholasluna@gilbert.com,001-803-056-3223x47678,00876682,80-10-71
Sherry Kelley,3e28d50d-020c-4b31-89a2-2b162d414e7e,"28993 Johnson Course South Stephaniestad, AL 05129",christopher78@johnson.com,045-514-4622,00431529,80-10-36
Thomas Smith,da8626c4-8ce2-49ae-a5d4-9b35f6646fb6,"902 Sanchez Union Suite 796 Lake Margaret, OK 37080",williammendoza@lam.com,071.639.2940x11369,00793931,80-10-11
Jonathan Collins,6968dd5a-1878-41d2-bdd4-8db83ce56f07,"4934 Stephanie Prairie Suite 141 Amandabury, CA 29294",johnsonkatherine@meza-reynolds.org,001-307-860-3472,00881296,80-10-58
David Tate,0a1eae40-7abb-4c8e-a5e9-b0f2a6ad22de,"74674 Johnson Shores Suite 821 New Hunter, AK 03183",michael78@gmail.com,024-600-0637x9318,00551144,80-10-55
Matthew Martinez,6ea98490-637b-42e9-8d1e-cb3062fcfbcc,USNV Stevenson FPO AA 69222,daniel89@perez-young.net,824.867.9343x549,00269245,80-10-02
Julie Macias,941308cb-b623-4703-88cb-74755ef8d446,"4995 Tracy Center Suite 796 Joshuaville, AK 85988",mbarron@yahoo.com,(215)511-6850x01547,00877866,80-10-30
Aaron Gutierrez,e6b402a8-330e-4254-bc3d-9aa1c4ba9b24,"5588 Klein Coves Apt. 430 Juliestad, AK 08412",gestes@lin.biz,(658)360-7584,00173075,80-10-89
Bradley Rivera,e05664ad-1565-4e61-a468-5389359a58e6,"4636 Rodriguez Meadows Charlesmouth, DE 48237",richardbrooks@yahoo.com,001-976-529-4442x327,00853889,80-10-94
Sheila Herman,fe5a2bab-b022-4475-bdd8-1a0b716b263f,"2383 Joyce Mountains Hooverville, VT 95303",cjohnson@yahoo.com,785-308-5323,00732237,80-10-91
Kenneth Sanders,eae2bfeb-39f1-486f-add4-9b66f80ce5de,"73219 Curtis Burgs South Colleen, VT 92354",williamrobinson@yahoo.com,571.384.8633,00529386,80-10-16
Patricia Mitchell,ffbcb83b-3aac-424a-9c9f-fb069b6135de,USNV Mckee FPO AE 39016,hayley03@gmail.com,(563)834-5209,00411467,80-10-07
Kenneth Peters,916c11ac-3e5b-4287-b6d8-257dd76b2753,"9066 Bridges Ville Pittschester, NV 48199",rachel96@walker.com,036.793.4873,00631759,80-10-49
Mary Gardner,6c3c7f60-805e-4a65-a3e9-418c9cd4209e,"57824 Julia Squares Haasborough, VA 23648",bakerdawn@powell-garza.com,566.667.2809,00654622,80-10-11
Connie Davis,5bfe45e5-e77d-4d7a-8cac-056611ba811f,"419 Ferguson Pass Walterchester, IN 95486",rpage@yahoo.com,001-955-945-2167,00499139,80-10-19
Mark Perez,06d1c746-461d-4ef8-b3b2-ea3964b691cf,"754 Sonya Way Suite 717 Petersonhaven, ID 13834",maryfrank@henderson.com,701.744.9009x032,00595363,80-10-75
Karen Wilson,bc95ffd5-e4c8-473a-b6a0-8852f227fc78,"687 Andrew Avenue Fosterville, SD 28583",john87@gmail.com,(721)512-3050x4041,00644252,80-10-43
Thomas Holt,c0d4baa7-4c62-4bed-869f-9b5137ec7efb,"681 Bates Throughway Apt. 779 Taylorshire, OK 80808",jedwards@gmail.com,246-335-7852x522,00125889,80-10-49
Lisa Dominguez,a85fc94f-ef8a-4318-980d-a758d374fba2,"3971 Steven Shores Apt. 075 North Davidview, MI 58659",kimberlymclean@mitchell-fowler.com,411.286.4382,00768327,80-10-61
Cristina Bonilla,67533e48-6d0a-4383-9b37-3531ccaa6ed5,"07598 Rush Lodge Suite 567 Justinport, MO 77498",ywilliams@yahoo.com,(174)436-8970x777,00985754,80-10-60
Brandy Hernandez,806abd9e-b62c-4b8f-909b-acf4ae145f62,"735 Lawrence Freeway Lake Nicolemouth, IA 91011",upaul@wise.net,9455602932,00514123,80-10-95
Andrea Lang,3592e42f-401e-44ff-8178-eb47d9a6e6bf,"341 Cox Crescent Hollyton, AZ 06006",garrisonjason@gmail.com,(684)177-0315,00814996,80-10-64
Robert Bradshaw,a58314c8-b57f-496f-9692-4efe1ada5c77,"PSC 3885, Box 3658 APO AP 94826",jeffrey23@johnson.com,396-754-3646x63088,00329524,80-10-11
Derrick Thompson,bac5f71b-f0e7-4ec8-bcc2-3b2da548f621,"224 Christy Fork North Daniel, DC 29599",hutchinsonchristopher@nguyen.com,649-457-8242,00914192,80-10-13
Kevin Berry,88b0330c-990a-48b0-a1f1-4df79acabcc5,"11726 Rose Mountain Lake Jerrymouth, OR 46150",melinda51@walter.com,+1-770-130-4646x070,00431645,80-10-14
Tonya Edwards,ab7c466a-36ba-44d0-a2b5-346923b1637f,"018 Walton Flats Tracyburgh, OR 93799",jefferybutler@hotmail.com,+1-828-268-6928,00347114,80-10-62
Jasmine Pearson,f740864d-bf9f-48f6-87d5-0fcf295b06df,"0649 Ayala Underpass South Deborahmouth, OR 05198",nicole52@hotmail.com,+1-416-277-9196x569,00961528,80-10-17
Joan Fitzpatrick,21402aa9-ac87-49bf-ad91-3026fe6e8120,"1863 Wendy Cove Port Mackenziemouth, SC 56181",joe28@brandt.net,069-362-6874,00896038,80-10-61
Wendy Hill,e5990ae8-b06d-4e2f-97cf-57eca6efd814,"17594 Brown Cape Apt. 594 Emilyhaven, NY 51044",brenda51@morris.org,(362)119-3795x87428,00195407,80-10-62
Teresa Olson DVM,a532a476-5b6a-4568-b15f-68432bf1262b,"25645 Michael Greens Suite 041 Edwardsfurt, AR 20156",brianknight@hotmail.com,950.361.3391,00212802,80-10-39
Nathan Krause,8b7aa97d-4237-4cb6-b32a-76cd3694859f,"816 Jillian Spring Suite 096 North Kristintown, WY 15081",andrew31@rogers.info,001-361-869-1784x046,00424342,80-10-47
George Leon DVM,1260ceda-8501-4d50-b039-6dfd4e179f03,"19276 Ashley Parks Apt. 172 Brennanmouth, AR 23343",crystal35@cole.com,0542881534,00792229,80-10-44
Pamela White,fa159eb8-fb48-4b37-aeca-31978e74537c,"PSC 7106, Box 9850 APO AE 91288",whitneyavery@ruiz-sosa.net,813.343.2855x198,00941484,80-10-98
Andre King,5e420d32-ce4d-4056-83d5-8a8b625082fe,"0154 Gray Terrace Suite 145 West Charlesfort, IL 06708",browndaryl@hotmail.com,001-966-125-5742,00549605,80-10-96
Melissa James,34d774c7-f6a4-42bc-bf84-ef8cd6ccb899,"230 Townsend Fork Suite 821 Olsonview, IL 55128",wattskenneth@castro.com,358-500-6494,00926047,80-10-42
Veronica Gomez,23a3f2f3-77b6-4b24-b33b-c739f6327f86,"836 Giles Centers New Tanyamouth, OR 88950",rblackburn@hotmail.com,942-332-7681,00676296,80-10-00
Scott Scott,07b6bf0b-b0cb-4203-9230-f920154c6892,"72647 Edward Haven Robertland, DE 04340",christophercopeland@hotmail.com,(555)099-2717,00149245,80-10-90
Philip Hull,a72b71a8-e7de-46a0-a153-2cd467c63c79,"30165 Phillips Knoll Suite 537 Hollyside, HI 73487",christopher58@yahoo.com,986.794.1898,00124684,80-10-15
Holly Hernandez,e865bce0-0cf7-479a-9b51-064241a97ec8,"74264 Tina Haven Suite 008 Lake Allisonfort, WY 06320",iwhite@hotmail.com,274-980-9785x25555,00553057,80-10-17
Victoria Jones,98becad8-1e2b-4ddc-891c-f77e89b3391f,"823 Mendoza Lodge Walkerville, SC 56425",brownnina@hotmail.com,675.265.7376,00811585,80-10-11
Wendy Chen,5ba02f3b-06f5-4c7a-9414-175d11465855,Unit 6169 Box 1412 DPO AE 51990,courtneyhebert@huerta.com,125-479-4982,00489153,80-10-97
Gregory Le,c183ce8c-29af-4cb0-9188-243980071209,"485 Angela Crescent Jillton, AZ 05685",xaustin@james.com,9930213023,00497046,80-10-38
Ashley Peters,b5a40b46-7719-43fc-ae2c-3b4979b24d86,"3416 Morris Causeway Suite 795 Sanchezton, MT 04471",brendaparsons@gmail.com,5648095786,00721102,80-10-10
Michael Johnson,52acb04e-7554-4b21-a513-ec61e469da8c,"1519 Reyes Manors East Dustinfort, PA 12561",timothyanderson@carter.info,+1-558-215-3217x9019,00493375,80-10-94
Juan Robinson,3ee4befe-a8d2-4b7e-bcbf-44aaf943f550,"5601 Stacey Springs Apt. 746 Lake Melvin, MT 70406",anthony67@yahoo.com,+1-946-211-9466x6267,00188587,80-10-72
Anne Johnson,f2ee4098-6670-4cf3-a02c-74146fb45ad9,"7674 Jones Point Watsonmouth, VA 26021",qrangel@brooks.com,+1-344-779-2580,00690631,80-10-27
Gregory Wells,f5eb7cab-d831-4f4b-8f49-e0a9c400da6d,"5480 Jennifer Streets Jeremyfurt, NJ 19128",obrock@yahoo.com,853.903.5241,00397792,80-10-80
Gregory Hale,e624d71d-6844-4c4e-88fe-a983354a44a0,"056 Alvarez Squares Suite 132 Peckborough, ND 70930",judyzuniga@gmail.com,+1-278-903-5485x442,00114297,80-10-94
Mark Cook,f825b1eb-970d-40cc-8a75-4dc9449ac732,"417 Joshua Road East Stephanieville, KS 15922",marshalljustin@jacobs-turner.info,(689)251-5557x718,00719607,80-10-48
Seth Young,3b23ea96-144c-40e4-b599-856b96dcb941,"551 Darrell Rapid Suite 559 North Gabriel, CT 12965",xmcmillan@gmail.com,880-544-7588x14091,00885712,80-10-69
Dylan Butler,1a49e10b-c050-4a9b-af59-f7c4d9f1e4a9,"2027 Clark Port South April, OH 51585",ehurst@elliott-lopez.com,441-549-5004,00796008,80-10-40
Leslie Hill,41d21e74-6d3d-40bf-b526-f24c3c6bf1d0,"29105 Holly Mount Apt. 610 Hollyberg, LA 15177",sharonporter@yahoo.com,262.258.6587,00731044,80-10-15
Brittany Brown,2bf3629e-6250-47c8-88dc-691acefaae00,"214 Vanessa Vista Apt. 569 Port Lauren, TN 31755",shaunhayes@hotmail.com,+1-953-614-1739x406,00482026,80-10-76
Michelle Martinez,ae4d8c00-124e-4674-9010-f3aff38fb23a,"3636 Rogers Views East Claytonmouth, GA 22266",michelleswanson@krueger.com,531-940-2515,00968523,80-10-25
Lisa Vega,11f63721-e945-4f81-8484-ac02c6557f5b,"30638 Smith Viaduct Lake Lindaland, HI 46279",gallagherpatrick@gmail.com,206-631-1278,00126336,80-10-38
Kaitlyn Dawson,a304d062-390d-4558-92b7-71662537097c,"5969 Stephen Rapid Cruzberg, FL 09489",jacquelinecaldwell@garcia-thomas.info,830.999.2573x49816,00967069,80-10-15
Shannon Nguyen,8a83e8e6-ed83-4f02-8dc7-781538069a57,"567 Caroline Highway Apt. 831 Herringside, ID 50120",brian54@yahoo.com,181.728.8473x42584,00226679,80-10-45
Michael Gutierrez,10e83e97-a5c8-44b8-852d-4109b767e86b,"4668 Jennifer Terrace Apt. 949 West Elijah, DC 77449",jdickerson@yahoo.com,(058)112-5794,00245187,80-10-22
Troy Webb,2a35539f-2d5c-4890-aa31-bd6700aabede,"7444 Harrison Wells North Donnaside, OH 30307",james22@taylor-knight.org,8073365753,00880782,80-10-96
Christian Burke,04619325-55d3-4ba0-a993-931a5c67bb50,"008 Snyder Inlet Suite 903 North Alec, WV 59082",barnescolin@hotmail.com,001-916-853-5030x5295,00761382,80-10-09
Laura Patton,f535377f-f55b-4ead-a4c3-2be104e1c98a,"99837 Burns Stravenue Jasonchester, IL 27905",shellypoole@perry-king.net,165-079-4178x2081,00353239,80-10-72
Diane Spears,72ab6cf5-0bb6-4b2a-8b78-2eb8ee00a753,"956 Madison Plains Suite 794 Boonemouth, DE 50664",owilliams@blackwell.com,1126524932,00783155,80-10-18
Russell Kelly,c59744bd-f05a-419c-91ae-7b3546db2bb7,"96740 Carol Shore Suite 919 Harrisfurt, ND 79343",cherylmaxwell@gmail.com,+1-144-601-7059,00527186,80-10-73
James Barnes,4a62aba1-9bbb-4286-b65e-79d6e3237255,"943 Jessica Squares West Johnberg, WY 53075",rmorris@hotmail.com,+1-332-910-2106,00379195,80-10-88
Jennifer Meza DDS,86984218-2ba5-41e0-a128-21968a72e7bf,"8127 Kristin View Suite 179 Lake Bradley, RI 63678",ingramjon@gmail.com,001-453-958-2048,00982868,80-10-28
David Sanchez,9be52fb5-550c-4ca6-b2cd-4440cd66a3a3,"77451 Luis Common Lake Jacobstad, TN 16402",hbrown@anderson-love.com,0257492301,00681768,80-10-18
Vicki Woods,c03655be-39c9-45c5-892f-997c9ad50b33,"1992 Valdez Wall Schultzton, MN 61148",haysjames@yahoo.com,001-103-476-1040,00154592,80-10-48
Andrew Flores,a7d29bf4-48e9-43ec-835e-485f92bc9520,"94977 Amanda Ville East Tanyachester, SC 05848",matthew55@simmons.com,(837)051-7143,00563243,80-10-79
Kenneth Diaz,214f9b3b-bdaf-49e2-a355-1da0c6c021aa,"095 Ibarra Square Jeffreyburgh, WY 38768",tmoreno@wright-berg.com,766.772.6426x6547,00193608,80-10-99
Paul Johnson,5fdfd210-3e66-4b85-88f6-67ce09347d26,"2481 Margaret Park Apt. 670 West Annette, AK 94918",phillipholland@perry.com,001-190-855-3387x8897,00414355,80-10-26
Isaiah Bell,70d62759-1348-46b0-9048-b98a50397d48,"95668 Jennings Freeway Apt. 841 Nortonchester, AZ 66429",sarahvelasquez@soto.biz,500.960.4296,00353684,80-10-10
Michael Peterson,d52d9361-cb21-4ce9-9fca-6cf6249330b8,"448 Gabriel Road Suite 559 Lisaborough, MD 88684",emilyhampton@garcia.com,5279239072,00886083,80-10-73
Tami Daniels,d31fbe49-75a7-4360-a3b9-0909368c08fb,"9660 Hunt Cape Suite 232 Isaacview, WY 77786",thorntonkathy@hernandez-fox.com,837-319-9306x3046,00689576,80-10-14
Patricia Cain,2efeb758-01ce-484a-a1aa-0ae6c39d2db7,"70694 Rebecca Common Underwoodberg, OH 73101",bethany67@morris.com,001-968-331-8679x3294,00425534,80-10-20
Lisa Jones,8edbd03a-1d45-4b15-9d72-85550a94af0e,"3828 Robert Ferry Catherineside, AL 59605",felicia03@lowe-reeves.org,001-921-312-6370x570,00339603,80-10-86
David Flynn,c309160c-07e8-42b9-af46-2c79759b0074,"5832 Gonzales Shores Susanshire, MD 17167",davismaxwell@yahoo.com,590.030.6348x14502,00826851,80-10-76
Rebecca Smith,1b423ae2-9919-412b-b682-a9182e1e364b,Unit 2344 Box 9849 DPO AP 05420,greg54@watkins.info,113.339.3489x8502,00723003,80-10-44
Christopher Brown,0e1aed11-711c-4005-b22d-57ffef327c8c,"79289 Kelly Circles Hernandezton, IL 22444",heather02@hotmail.com,+1-680-240-8226,00851303,80-10-65
Mr. Parker Logan DDS,be1745bb-474b-4866-999c-a138a810c6af,"5512 Zamora Underpass Ruizchester, CT 55970",jonathan31@yahoo.com,3766080563,00754782,80-10-59
Lindsay Smith,3ef92e9a-0e21-4f6a-b699-6c77a0a3a777,"48686 Shannon Motorway Suite 359 Port Marcburgh, MS 46171",martin32@hotmail.com,(754)449-7019x2309,00881207,80-10-44
Jessica Alvarado,e3deacff-c384-4e12-b9f6-d808f1f42541,"199 Charles Mountains Suite 828 Kimview, ID 67556",aclements@fox.biz,363.388.3304x9194,00778657,80-10-20
Lindsay Garcia,b5946643-10d8-4e35-aeaf-199448b0e78e,"91924 Perry Glen Apt. 353 Lake Allison, HI 30297",yatesgary@callahan-lewis.com,819-240-1898x4718,00323527,80-10-74
Mary Wright,482ed06a-d0e4-43db-afad-9a0af375e8aa,"338 Corey Overpass Munozville, WI 25370",donna66@yahoo.com,709.856.3454x45582,00282737,80-10-94
Chase Evans,a62b3a49-aea3-410c-8203-24b6dcbc168f,"1969 Michelle Viaduct North Dustinhaven, IN 68286",randalljohnson@yahoo.com,770-420-9966x97878,00692565,80-10-62
James Rojas,c91d4fbf-6c8a-4e0b-b217-dd78a1e8aef9,"PSC 1510, Box 0006 APO AP 49795",anthonyclark@hotmail.com,+1-781-172-7261x94485,00136469,80-10-66
Mark Sandoval,91c4c5d4-6004-4b0f-ad69-7bfdf555f996,"17304 David Cape Blakeberg, KS 03443",ericabailey@hotmail.com,732-749-9595,00745628,80-10-42
Amber Reynolds,b3b514f0-9d31-46f4-bfa6-7ed1777a84c9,"146 Amy Trace North Davidtown, PA 08311",blairjennifer@hotmail.com,001-701-816-5128x15597,00327242,80-10-57
Mr. Christopher Day MD,fcf8846b-5e0b-4617-9ab4-4e419c6b7e38,"491 Stewart Fork South James, TX 42659",tracyanderson@mora-nguyen.com,3483949106,00381551,80-10-61
Keith Stewart,abeefc97-3810-49b8-ba88-9c74988783eb,"42680 Howell Lock Apt. 343 East Katherine, UT 20285",wallssteven@hotmail.com,293.389.0794x8548,00557503,80-10-59
Jennifer Morrow,3f0fc898-82c1-4f7a-aa84-3c678278e7ea,"98968 Devon Orchard Apt. 804 Monicaside, MO 19842",cyoung@yahoo.com,065-403-5897,00120026,80-10-35
Yvonne Beck,df7681ea-fca7-4367-87b6-73538a608b0a,"4011 Alexander Roads Suite 377 Valdezshire, ID 53223",kevinwilson@young.info,068-389-5175x11314,00153709,80-10-34
Virginia Soto,ba790b19-ce00-4689-aa9a-80301dc84f64,USNS Mathis FPO AP 73039,michael05@hotmail.com,(675)887-5929x487,00248168,80-10-11
Tiffany Winters,c1f313fc-93b6-4221-8505-cce3380503b8,"1106 Andrew Trail Port Kathleen, IN 12052",lauragarcia@hotmail.com,+1-819-485-4605,00311513,80-10-12
David Davis,6cf062f0-f772-4761-b0f0-a82e10df695f,"62131 Gibson Street Kennethborough, KY 06426",jeromeburgess@garcia.com,+1-143-937-1603x4422,00679562,80-10-90
Anthony Mccarthy,f91233d9-36ac-4f3e-b69d-d5d407b19e7a,"141 Hicks Greens Port Christina, NJ 24826",cmurphy@webb-weaver.com,001-935-922-4789,00585327,80-10-41
Robert Carroll,b5ba68b4-a160-42b2-9f52-5456cabe73eb,"65835 Catherine Trail Rhondabury, AK 78345",castrostacy@hotmail.com,113.151.4427x313,00171126,80-10-19
Jimmy Hunt,6bdb4abe-1ac9-4b88-b778-bf2de5cf5fad,"636 Brown Mill Suite 008 Port Andrewberg, AR 54537",plittle@hopkins-taylor.net,1179067660,00548758,80-10-11
Cynthia Adams,06a8f426-7763-4b85-bef3-ccb5dd156794,"3950 Curry Inlet North Stevenberg, NM 81145",mstephens@hotmail.com,+1-617-261-2567x2394,00388537,80-10-71
David Montgomery,4e830643-a22b-47b6-9cff-969e5724422a,"72643 Jeffrey Dale West Jose, AZ 69729",bryan30@wallace-taylor.net,+1-639-300-8045x2126,00979075,80-10-22
James Stone,f6673951-2715-4e36-b665-e66d65b52cf4,"7839 Shelton Station Suite 708 South Jennifer, WV 20238",byrdsamuel@soto-wright.info,477-548-5427x6985,00870511,80-10-05
Christine Jackson,0dbeb28f-6999-4208-8044-7aee2fad31b0,Unit 9024 Box 2388 DPO AA 64257,natalie12@wolf-kent.biz,(302)384-4539x249,00943521,80-10-52
Kristopher Green,49aecc28-e715-49b9-a8aa-676db8efd009,"180 Cynthia Burgs Apt. 639 East Angelamouth, NV 96726",davishenry@gmail.com,998-029-5469x239,00996921,80-10-72
Steve Alvarez,94704eb3-b98b-4bbc-ad6d-ed58838f14e5,"5481 Kayla Plaza West Cassandra, CO 69676",edward96@soto.info,+1-208-889-3282x7207,00810103,80-10-23
Lisa Gray,d9c8e5fb-ba57-4106-99c0-6045d75a9685,"5818 Gina Flat Port Ericfort, NE 88253",xsmith@yahoo.com,(707)041-5997,00884818,80-10-71
Mr. Patrick Odom,97249b1a-529d-4117-b999-b55c424f1465,"285 Wallace Plains Suite 918 Port Douglas, WA 12527",austinfox@hotmail.com,030.509.5820,00340166,80-10-90
Samantha Bowman,6d6e2fb3-ed93-47aa-8aff-e0a1fa3df5e6,"33591 Lisa Turnpike Suite 436 Lake Franciscofurt, MI 57238",palmerandrea@gmail.com,+1-012-086-2456,00536784,80-10-02
Danielle Clay,2dbde7b5-6403-4f33-a3f4-ed115e1b7a2b,USCGC Erickson FPO AA 79723,owilliamson@webster.biz,625-645-6162,00645933,80-10-33
Robert Ramirez,f919d80e-8a3e-40f2-aadc-c5f75bd63c8a,"26652 Lisa Lights Dawnmouth, TX 69643",deannagolden@robertson-parrish.com,(084)629-6439,00568671,80-10-18
Leah Bean,42212a85-3b2b-4733-9f81-0b9603e55509,"42813 Hamilton Corners Apt. 622 Port William, WI 97265",masonrachel@white-hoffman.net,001-712-213-3882,00833699,80-10-44
Brian Hampton,35a6355a-6039-4c18-919c-cf0680517189,"2423 Troy Villages Ryanmouth, MI 15643",jeremymarshall@newman.com,920.707.1710x3024,00199194,80-10-40
Margaret Dean,cd11f124-02bd-46bd-a479-1d931c2a2ecc,"5539 Carlson Hill Suite 491 Lake Ashleyburgh, CT 37578",norma19@yahoo.com,277-825-8792,00144233,80-10-18
Deborah Wells,35bbf13a-8d32-4679-b2af-86d7edd5ea4e,"1099 Laura Gateway Apt. 284 South Josephberg, NV 78235",gina85@johnson.com,(519)587-6598x01516,00638041,80-10-31
Andrew Ramos,43d58282-1ad4-4eab-9204-9813608c9141,"6395 Danny Rapids Patriciaville, MO 33229",pattonstephen@pierce-lee.com,(723)848-7007x744,00420827,80-10-47
Timothy Duncan,63e5707f-807f-4768-bb59-ac7cb6440a4b,"734 Wheeler Neck Marcusshire, LA 20224",drakejustin@garcia.com,102-853-9465,00611562,80-10-01
Karen Lewis,cac980df-79dc-4cd1-9546-fd08ba0a76d6,"179 Ashley Manors Velasqueztown, WI 07151",kirkrobert@rivera-peck.com,463-536-8533x603,00153366,80-10-71
Jonathan Villarreal,92a2272b-2dd1-48b9-84b2-fb7d84adfc48,"7908 Rachel Lake Whiteport, SC 72620",kara23@butler.com,+1-854-505-3537x36880,00659284,80-10-73
Chad Jones,d2dc2635-ed76-421a-8a32-fe731eec0d0f,"PSC 0331, Box 8445 APO AA 19013",troycruz@soto-peters.com,423.371.2121,00760006,80-10-30
Natasha Hill,0dbb43b4-1c77-441d-bff2-e998232e1792,"2899 Deanna Wells Ashleyberg, NJ 07975",hknight@moore.com,108-773-6076x38477,00516006,80-10-97
Kimberly Charles,ed5b33f0-cd60-4f4a-9a90-e4b5b313b158,"13955 Andrews Fork Apt. 296 Durhamchester, OR 98033",tjohnson@baldwin-gay.com,001-456-539-9895x770,00449649,80-10-82
Rodney Graham,47d88f82-8d52-4a7f-ba41-875864f8d8d8,"20819 James Isle West Christiantown, VT 59014",rosedenise@gmail.com,0534207726,00650846,80-10-42
Robert West,c6034a59-af4f-4dc1-899c-524b8fe5f51e,"534 Bailey Overpass East Phillip, MA 99239",kelly29@hotmail.com,181-612-7492,00994229,80-10-37
Nancy Becker,82b61c99-a6c0-4011-9bb1-c8f2b9d7c84b,"29951 Todd Grove Apt. 205 West Tylerland, VA 98290",manuel39@richardson.com,374.569.2763,00254085,80-10-48
Sherry Roy,5f511bf9-c06b-4cbe-95b3-e0b59c7704a0,"23311 Blair Parkways New Walter, DC 29783",lisamitchell@jones.com,2892096225,00487117,80-10-46
Melanie White,67fdfbcc-a7e1-4114-901e-cd9584790db1,"71444 Abigail Circles Richardshire, IA 23779",vaughnkim@hotmail.com,001-114-640-9985x7701,00711873,80-10-14
Meghan Stephens,2420be27-1b8d-4bd7-a394-3d0c6e300140,"997 Stein Wall East Angela, AL 33292",stephen18@chavez.biz,(654)335-9471x504,00551099,80-10-04
Gregory White,9cc006ae-4b80-4588-aa42-217aa43aa6c0,"7496 Amber Harbor Brianbury, NM 99473",darlene53@white-rogers.info,011-216-1581,00623089,80-10-64
Martin Lopez,0e1d278a-442d-4314-957f-c2f1f7e89670,"196 Richardson Glens Blackside, ME 27896",brent23@gmail.com,(173)658-9592,00960688,80-10-90
Paul Baker,6d3a1028-9df3-4074-8987-e4f9524b946b,"612 Armstrong Motorway New Jennifer, NM 40923",thenderson@collins.com,5620278319,00868327,80-10-45
Sarah Jones,8394259e-ee5a-4d0d-b13b-da05e8350630,"73245 David Corners Wrightfurt, GA 70071",steven20@mcmahon-perez.net,568-772-6035,00355644,80-10-91
Sandra Stevens,938cf70f-0127-4b90-b114-471dec073211,"1811 Vargas Extensions Jensenland, MN 37625",thomas88@gmail.com,658.700.0494x8238,00974788,80-10-65
Seth Ramirez,04ec6828-6d55-47a9-978a-198b310eed62,"16231 Cooper Lane South Kathryn, KS 19056",xtrujillo@hotmail.com,001-659-439-3914x39151,00624165,80-10-79
Michelle Johnson,34d07fb2-aed6-4363-bb9e-fa5935262fb4,"1902 Wendy Vista South Jeremytown, IN 50492",martinjane@macias-ramirez.com,+1-589-943-1655,00960503,80-10-57
Wanda Abbott,0cfa311b-43f9-4b52-b02b-62e3a6abc78f,"250 Michael Flats Apt. 722 Carterhaven, AR 72888",raymond86@hill.com,+1-027-854-0869x354,00641462,80-10-83
Andrea Davis,ae49e494-41ee-4bca-b166-8871fe7a5720,"42121 Simpson Junctions Port Jeremy, WI 95514",james53@blanchard-mendoza.com,650-534-6927x33581,00898685,80-10-37
Chad Berry,863b938c-78dc-4741-ab15-6e2f25354c7c,"76053 Jacob Garden South Joseburgh, CT 54029",genemendez@preston.com,1894325692,00772582,80-10-11
Melvin Thomas,0c633c75-5f38-4693-8e0c-cd0327b4d14e,"373 Stephen Stravenue New Jennifertown, NY 16932",thenderson@stone-barrera.net,3630808038,00419037,80-10-59
Matthew Wood,e3f64351-9708-467c-9370-4d0329a4581f,"7540 Leonard Springs Apt. 520 Lake Christianstad, GA 46405",petersonkimberly@yahoo.com,803.674.8566,00437098,80-10-47
Mrs. Andrea Figueroa,5d5dc748-b3ef-486e-9745-a1dcd6265b1d,"4281 Renee Port Apt. 224 Lake Andrew, WI 16896",joannschwartz@yahoo.com,559.323.8213x57558,00538734,80-10-53
Michelle Moreno,369fe081-2b3e-4644-b993-c239923eaa90,"416 Joseph Isle Jenningstown, VA 63800",santanalaurie@rubio-villanueva.org,044.583.9587x8391,00299047,80-10-63
Jennifer Mendoza,dc0f6766-69fc-4691-900f-f454a75d0aa7,"922 Summers Haven New Bryan, SD 51635",xbright@scott-gonzalez.com,643.778.7323,00820637,80-10-55
Andrew Lopez,8dc17b65-143e-4017-8501-d3126dbe6dc8,"6795 Jessica Corners Garyville, WV 89961",gmartin@williams.com,+1-861-649-5590x423,00988518,80-10-56
Kendra Carter,94bcd3c4-2ab6-410b-8f90-535b2e5177fc,"8410 Cowan Light Apt. 800 Jodystad, NV 25251",martinezjames@beasley.com,298.534.2386x5993,00775438,80-10-04
Daniel Shaffer,05d31ecf-ec51-45d5-90ca-b4dc920e0b5a,"36097 Miller Squares Apt. 471 East James, AZ 46776",cynthia07@hotmail.com,001-740-264-1539x95518,00792289,80-10-33
Monica Klein,887e8d76-edd8-4489-aa58-9f0dfc99468b,"873 Lauren Parkway Keithtown, NY 86101",diane62@yahoo.com,+1-296-348-9808x127,00370835,80-10-12
Johnny Moore,bd4c2f68-91e5-449e-9583-7b824df0bce0,"71738 Andrews Rest Jefferyside, MN 46927",jacobjohnson@yahoo.com,069.047.8871x1456,00693703,80-10-95
Michael Mann,ad4da627-b8ff-474f-b1ca-94cdb8834b16,"PSC 8424, Box 5341 APO AE 86250",ruizcody@moore.com,+1-736-346-2614,00838998,80-10-20
Lauren Cook,9231af9c-48de-44c5-8581-689620a2e575,"51824 Tyler Meadows Port Scottview, ND 06503",belllawrence@mccarty.org,+1-868-918-1253x77681,00548168,80-10-10
Daniel Evans,b5579027-6354-4b05-a4d8-a1855fddd659,"6298 Christopher Views Lake Tara, TN 60018",kim96@yahoo.com,(116)485-5606x598,00752476,80-10-41
Amanda Henderson,747364e1-812e-42c4-ae19-fe418443557a,"630 Jason Turnpike Suite 082 South Kevinbury, ND 56920",normachavez@miller.com,+1-467-628-4122x619,00881481,80-10-80
Jonathan Rodriguez,a7c683e4-5efe-4d11-86f8-9b6bec57265b,"059 Frederick Unions Leonburgh, DE 57643",websterkeith@yahoo.com,611.335.2325x557,00310445,80-10-52
Christopher Davis,4500ac0e-020e-4a24-970e-ebb099bfb1a5,"05127 Newman Forges Apt. 370 Christopherchester, UT 39427",matthew16@taylor-shaw.org,001-877-446-5204,00574699,80-10-61
Michelle Cook,247d7b99-c14b-4219-9174-0e90b94adf42,"77511 Troy Islands Port Stephanie, NH 61981",alexanderryan@castaneda-abbott.com,338-225-3999x17865,00713317,80-10-30
Kelly Williams,aaa87d81-86a7-494b-868b-c7feab396c28,"094 Yang Lane Apt. 916 Staceybury, OK 28733",shannon02@hotmail.com,982.360.3973,00718343,80-10-91
Jeremy Brown,8efe63ac-126e-47af-9c5f-55911319225b,USCGC Savage FPO AA 84282,derrickhubbard@wilkinson-guerra.com,(510)732-8908x4012,00151232,80-10-27
Nicole Butler,f31969b0-81d0-461f-990e-78248f2042c8,"99804 Taylor Glens Suite 957 Lake Jeffreyburgh, IA 69125",nataliegonzalez@smith.com,678-853-7851x42192,00439978,80-10-57
Heather Williams,44f27911-9e54-40b8-b2eb-4d13ce181068,"495 Garcia Shores Lake Michelleberg, AZ 57141",loriquinn@yahoo.com,+1-769-992-7186x6269,00250035,80-10-22
Stacie Kent,82ece869-c759-4b37-b2e4-23dc59cd95cf,"6255 Sarah Walk Joelville, PA 47373",mary30@hotmail.com,509.482.0739,00190358,80-10-79
Tyler Smith,789c7cea-02ef-49df-8a7b-a069d9931755,"4545 Donna Tunnel Petersonshire, MS 57763",kjuarez@bolton-gomez.com,+1-521-443-1890,00853065,80-10-39
Sarah Acevedo,7e828076-329d-421a-a4b6-be73aac79751,"9850 Lisa Crossroad Apt. 672 Morrisside, NV 61636",krystalwebb@ashley.com,(151)019-7954,00571999,80-10-63
David Orr,fa7a933d-610a-480a-a24b-0b704b3970d0,"492 Hanson Lane Banksfurt, CT 84162",zhunt@gmail.com,+1-152-194-4097x02866,00553358,80-10-87
Colleen Smith,e6c7227f-efd3-4052-ab89-00433ef7932e,"00985 Alejandro Mill Ryanfort, OR 27523",yball@hotmail.com,555-361-4342x44126,00457839,80-10-85
Meagan Freeman,cc896854-5c70-4dcf-a235-5c4e3ac817c7,"85758 Jamie Shore Sharonmouth, PA 52357",yvonne75@gmail.com,+1-540-877-1190x9333,00417204,80-10-33
Emily Clark,99c15998-5f49-4770-b65e-64183db5267b,"3027 Dillon Flat Apt. 036 Nicholaschester, AL 37027",richard37@hotmail.com,+1-156-124-0614x985,00842214,80-10-77
Michael Hopkins,a8735550-8679-4dfb-aef6-b6ed2a804461,"1447 Michael Pine East Lisa, CA 66016",bellamber@gmail.com,294.779.7622x6379,00625716,80-10-83
Cassandra Singleton,9b551990-3206-46eb-ae63-ebb9b7b866eb,"9987 Lucas Villages Wardstad, MN 47754",ogriffith@hotmail.com,139.462.9530x4465,00460366,80-10-88
Alexis Chandler,c324c65a-861c-4290-b035-31e6a4814e09,"PSC 0785, Box 8915 APO AP 39116",wrightteresa@smith.biz,117-551-8185x73976,00970703,80-10-19
Anthony Munoz,d9cb38e6-76d8-4206-b64b-a672a0314137,"858 Wilkinson Fords Apt. 621 Kellytown, MD 69127",ijames@gmail.com,+1-695-894-9613,00731256,80-10-16
Jessica Diaz,a988093a-e26a-4c35-93ca-e72ec59769eb,"273 Cynthia Wells Apt. 481 Nicoleville, CA 61043",klong@gmail.com,777.681.4676x86315,00743534,80-10-07
Heather Smith,ff0cc8b8-15e6-4ad6-9df6-13dad34f23da,"PSC 2209, Box 4348 APO AP 43881",qmendez@hotmail.com,571.944.5671x080,00719196,80-10-77
Sheila Baker,6d92ffae-79d1-4424-a19c-a0429d0456b5,"81145 Jeremy Hill Lake Brittany, OK 45860",xguerra@jacobson.com,+1-860-428-9414x35795,00310476,80-10-53
Jason Erickson,c0b4eb0e-1cb8-44d9-9713-4ae3cb840cdf,"62438 Graham Forest Apt. 828 Rachelside, AK 78585",michaelhaynes@duffy.com,783-959-8650,00233656,80-10-23
Allen Rice,809e2b35-bac9-411d-9944-326b215fd5fd,"9315 Shaffer Fort Port Timothy, NC 19246",harveyshannon@waller-burke.com,+1-828-288-0924x79232,00664612,80-10-13
Michael Shaw DDS,edf3d24d-2907-4a91-a139-44c69e8d90a4,"11313 Johnson Light Lake Courtneychester, OH 97881",rmiller@yahoo.com,326.526.9837,00287181,80-10-74
Susan Kim,ac3485d0-9fc4-4905-86d5-07cd630b6ec7,"81180 Cruz Union New Rebecca, OH 33361",jamesglass@berg-todd.com,+1-561-144-0117,00661985,80-10-62
Donna Bright,5ea9875e-ae31-4eda-a9a1-9ea598e11ca3,"9349 Roach Canyon Apt. 429 South Antonio, NE 14696",hooverheather@payne-brewer.org,418-531-0681x85023,00940517,80-10-83
Richard Thomas,9dd8b3c9-0aa9-4539-995e-41b3e1a50444,"3105 Murray Extensions Port Linda, ID 24798",danaharrell@henderson.info,001-867-041-5703x16925,00677341,80-10-96
Justin Schwartz,b4306ae5-1b45-4163-861e-8cd520f24866,"3457 Smith Mountain Chenport, MI 04464",delgadorebecca@gmail.com,907-554-7624,00250722,80-10-47
